return_id,order_id,return_date,return_reason,return_amount,refund_method,return_status
RET00001,ORD0000010,23/05/2022,Defective Product,85,Fawry,Refunded
RET00002,ORD0000017,20/03/2024,Duplicate Order,8285,InstaPay,Refunded
RET00003,ORD0000029,08/07/2023,Wrong Item Delivered,180,Vodafone Cash,Refunded
RET00004,ORD0000039,28/08/2022,Changed Mind,1705,Cash,Pending
RET00005,ORD0000052,04/06/2023,Changed Mind,2000,Cash,Refunded
RET00006,ORD0000053,22/05/2023,Defective Product,5767.5,Credit Card,Refunded
RET00007,ORD0000066,18/12/2022,Quality Issue,12330,Debit Card,Refunded
RET00008,ORD0000095,07/06/2024,Quality Issue,657.5,Vodafone Cash,Refunded
RET00009,ORD0000096,10/10/2024,Duplicate Order,200,InstaPay,Refunded
RET00010,ORD0000100,08/07/2022,Quality Issue,999,Vodafone Cash,Pending
RET00011,ORD0000116,09/04/2023,Quality Issue,10152,Debit Card,Pending
RET00012,ORD0000139,08/04/2024,Wrong Item Delivered,2880,Vodafone Cash,Refunded
RET00013,ORD0000140,23/11/2022,Wrong Item Delivered,212.5,Cash,Refunded
RET00014,ORD0000154,16/12/2022,Duplicate Order,1155.5,Cash,Pending
RET00015,ORD0000162,25/02/2024,Size Issue,629,Fawry,Refunded
RET00016,ORD0000163,20/07/2024,Defective Product,1366,Vodafone Cash,Refunded
RET00017,ORD0000164,26/03/2023,Wrong Item Delivered,304,Vodafone Cash,Refunded
RET00018,ORD0000170,03/01/2023,Changed Mind,994,Cash,Refunded
RET00019,ORD0000174,01/05/2022,Changed Mind,540,Fawry,Refunded
RET00020,ORD0000183,31/03/2022,Changed Mind,275,Debit Card,Refunded
RET00021,ORD0000186,06/06/2024,Wrong Item Delivered,217.5,InstaPay,Refunded
RET00022,ORD0000189,14/11/2022,Changed Mind,2305.5,Credit Card,Refunded
RET00023,ORD0000197,15/05/2023,Wrong Item Delivered,504,Vodafone Cash,Refunded
RET00024,ORD0000200,06/04/2024,Wrong Item Delivered,1470,InstaPay,Pending
RET00025,ORD0000201,23/02/2023,Changed Mind,1323,Fawry,Refunded
RET00026,ORD0000207,12/08/2023,Duplicate Order,31326.5,Fawry,Refunded
RET00027,ORD0000215,18/07/2022,Duplicate Order,290,Fawry,Refunded
RET00028,ORD0000224,03/12/2022,Wrong Item Delivered,1306.5,Vodafone Cash,Refunded
RET00029,ORD0000231,14/08/2024,Defective Product,720,InstaPay,Refunded
RET00030,ORD0000233,27/01/2024,Size Issue,616,Fawry,Refunded
RET00031,ORD0000241,17/02/2022,Wrong Item Delivered,410,Cash,Refunded
RET00032,ORD0000251,11/11/2022,Size Issue,5357.5,Credit Card,Pending
RET00033,ORD0000263,17/10/2023,Size Issue,981,Fawry,Refunded
RET00034,ORD0000278,09/06/2024,Size Issue,500,Fawry,Pending
RET00035,ORD0000299,07/07/2024,Duplicate Order,865,Debit Card,Rejected
RET00036,ORD0000310,27/05/2022,Size Issue,37840,Vodafone Cash,Refunded
RET00037,ORD0000317,22/08/2023,Changed Mind,5310,Vodafone Cash,Rejected
RET00038,ORD0000329,31/10/2024,Size Issue,784,Vodafone Cash,Refunded
RET00039,ORD0000335,22/03/2024,Quality Issue,447,Vodafone Cash,Refunded
RET00040,ORD0000336,22/07/2022,Wrong Item Delivered,2135,Debit Card,Pending
RET00041,ORD0000344,21/05/2024,Quality Issue,6000,InstaPay,Refunded
RET00042,ORD0000349,19/11/2022,Quality Issue,1095,Fawry,Pending
RET00043,ORD0000361,07/12/2022,Duplicate Order,2326.5,Credit Card,Refunded
RET00044,ORD0000367,22/08/2023,Defective Product,1065,Vodafone Cash,Refunded
RET00045,ORD0000378,29/11/2023,Defective Product,972,Cash,Refunded
RET00046,ORD0000382,27/08/2023,Size Issue,750,Vodafone Cash,Refunded
RET00047,ORD0000394,05/07/2023,Quality Issue,1458,InstaPay,Refunded
RET00048,ORD0000405,26/11/2024,Changed Mind,742.5,Vodafone Cash,Refunded
RET00049,ORD0000410,03/03/2022,Wrong Item Delivered,33952.5,Fawry,Refunded
RET00050,ORD0000411,01/10/2023,Defective Product,1664,Fawry,Refunded
RET00051,ORD0000412,23/06/2022,Size Issue,895,Credit Card,Refunded
RET00052,ORD0000417,17/12/2022,Defective Product,952,InstaPay,Rejected
RET00053,ORD0000444,23/08/2024,Changed Mind,150,Fawry,Refunded
RET00054,ORD0000454,15/06/2022,Changed Mind,1230,InstaPay,Refunded
RET00055,ORD0000463,27/01/2022,Duplicate Order,570,InstaPay,Refunded
RET00056,ORD0000501,24/09/2022,Duplicate Order,1992,Cash,Rejected
RET00057,ORD0000506,15/08/2023,Duplicate Order,10738,Vodafone Cash,Refunded
RET00058,ORD0000512,03/01/2023,Wrong Item Delivered,2059,Cash,Pending
RET00059,ORD0000514,16/02/2022,Quality Issue,54634,InstaPay,Refunded
RET00060,ORD0000518,06/12/2024,Defective Product,12800,Credit Card,Refunded
RET00061,ORD0000523,11/02/2022,Duplicate Order,2692,Fawry,Refunded
RET00062,ORD0000550,09/01/2023,Wrong Item Delivered,12420,InstaPay,Pending
RET00063,ORD0000555,11/11/2024,Defective Product,1114.5,Cash,Refunded
RET00064,ORD0000559,17/03/2024,Wrong Item Delivered,525.5,Vodafone Cash,Refunded
RET00065,ORD0000566,26/04/2022,Quality Issue,2090,Credit Card,Refunded
RET00066,ORD0000573,18/07/2024,Duplicate Order,280,InstaPay,Refunded
RET00067,ORD0000595,24/01/2024,Defective Product,816,Credit Card,Pending
RET00068,ORD0000602,18/12/2023,Size Issue,584,Vodafone Cash,Refunded
RET00069,ORD0000643,22/05/2022,Duplicate Order,24649,Vodafone Cash,Refunded
RET00070,ORD0000664,27/07/2023,Duplicate Order,1860,Debit Card,Refunded
RET00071,ORD0000669,16/05/2022,Duplicate Order,80,Debit Card,Refunded
RET00072,ORD0000673,18/02/2022,Defective Product,1290,Credit Card,Refunded
RET00073,ORD0000686,21/07/2023,Duplicate Order,170,Fawry,Refunded
RET00074,ORD0000695,23/12/2024,Defective Product,142.5,Cash,Refunded
RET00075,ORD0000696,21/01/2022,Size Issue,816,Fawry,Refunded
RET00076,ORD0000706,14/04/2024,Duplicate Order,10560,Debit Card,Pending
RET00077,ORD0000709,13/07/2023,Size Issue,730,Credit Card,Refunded
RET00078,ORD0000724,05/02/2023,Duplicate Order,1318.5,Cash,Refunded
RET00079,ORD0000739,09/12/2023,Duplicate Order,240,Credit Card,Refunded
RET00080,ORD0000752,22/10/2024,Wrong Item Delivered,972,InstaPay,Pending
RET00081,ORD0000758,07/12/2023,Defective Product,540,Fawry,Refunded
RET00082,ORD0000767,11/05/2022,Duplicate Order,288,Cash,Rejected
RET00083,ORD0000776,15/08/2023,Changed Mind,470,Vodafone Cash,Refunded
RET00084,ORD0000787,24/11/2023,Size Issue,1364,Debit Card,Refunded
RET00085,ORD0000792,06/01/2023,Size Issue,603.5,Credit Card,Pending
RET00086,ORD0000811,15/10/2022,Quality Issue,6925,Fawry,Refunded
RET00087,ORD0000819,10/03/2023,Size Issue,2234.5,Cash,Refunded
RET00088,ORD0000832,02/08/2022,Defective Product,336,Cash,Refunded
RET00089,ORD0000838,26/10/2024,Duplicate Order,1272.5,Fawry,Rejected
RET00090,ORD0000844,28/01/2023,Defective Product,440,Vodafone Cash,Refunded
RET00091,ORD0000847,29/05/2022,Quality Issue,702,Cash,Rejected
RET00092,ORD0000848,11/08/2022,Duplicate Order,1672,Cash,Refunded
RET00093,ORD0000852,22/12/2022,Quality Issue,162,Fawry,Refunded
RET00094,ORD0000854,13/03/2022,Defective Product,4731.5,InstaPay,Refunded
RET00095,ORD0000860,13/07/2023,Wrong Item Delivered,360,Fawry,Refunded
RET00096,ORD0000875,15/04/2023,Duplicate Order,664,Fawry,Pending
RET00097,ORD0000903,21/11/2023,Wrong Item Delivered,270,Cash,Refunded
RET00098,ORD0000936,10/08/2023,Wrong Item Delivered,13180,Credit Card,Rejected
RET00099,ORD0000957,25/01/2024,Wrong Item Delivered,432,Cash,Refunded
RET00100,ORD0000976,04/05/2023,Changed Mind,10200,Vodafone Cash,Pending
RET00101,ORD0000998,14/08/2022,Defective Product,2082,Debit Card,Refunded
RET00102,ORD0001018,02/09/2024,Changed Mind,1112,InstaPay,Refunded
RET00103,ORD0001020,07/10/2023,Duplicate Order,243,Fawry,Pending
RET00104,ORD0001021,17/05/2023,Defective Product,2360,Cash,Refunded
RET00105,ORD0001025,25/04/2024,Wrong Item Delivered,2114,InstaPay,Rejected
RET00106,ORD0001036,29/01/2023,Size Issue,2314,Credit Card,Refunded
RET00107,ORD0001078,19/08/2023,Changed Mind,572.5,Credit Card,Refunded
RET00108,ORD0001081,25/12/2022,Size Issue,2994,Debit Card,Refunded
RET00109,ORD0001089,22/09/2022,Wrong Item Delivered,1032,Debit Card,Refunded
RET00110,ORD0001106,04/04/2024,Size Issue,28760,Credit Card,Rejected
RET00111,ORD0001109,10/02/2022,Size Issue,776,Debit Card,Rejected
RET00112,ORD0001110,24/03/2023,Changed Mind,580,Fawry,Refunded
RET00113,ORD0001132,10/06/2024,Wrong Item Delivered,957,Fawry,Pending
RET00114,ORD0001152,09/03/2023,Quality Issue,683,Debit Card,Refunded
RET00115,ORD0001168,18/04/2023,Quality Issue,582,InstaPay,Refunded
RET00116,ORD0001170,29/06/2022,Quality Issue,19272,Credit Card,Refunded
RET00117,ORD0001171,03/11/2023,Duplicate Order,450.5,InstaPay,Refunded
RET00118,ORD0001185,08/03/2023,Duplicate Order,160,Fawry,Refunded
RET00119,ORD0001191,14/05/2022,Defective Product,180.5,InstaPay,Refunded
RET00120,ORD0001212,26/07/2022,Size Issue,360,Cash,Refunded
RET00121,ORD0001213,20/11/2022,Quality Issue,880,Fawry,Refunded
RET00122,ORD0001214,24/09/2024,Duplicate Order,1380,Debit Card,Refunded
RET00123,ORD0001219,13/01/2024,Duplicate Order,627,Cash,Pending
RET00124,ORD0001220,24/07/2023,Size Issue,2431.5,Debit Card,Refunded
RET00125,ORD0001232,24/02/2023,Duplicate Order,2829,Vodafone Cash,Refunded
RET00126,ORD0001236,31/12/2022,Changed Mind,270,Credit Card,Pending
RET00127,ORD0001255,08/11/2023,Size Issue,6502,Cash,Refunded
RET00128,ORD0001276,05/09/2022,Size Issue,540,Debit Card,Refunded
RET00129,ORD0001280,06/05/2023,Duplicate Order,515,Debit Card,Refunded
RET00130,ORD0001287,24/04/2022,Duplicate Order,10240,Credit Card,Rejected
RET00131,ORD0001331,28/07/2024,Size Issue,456,Vodafone Cash,Refunded
RET00132,ORD0001336,26/07/2022,Duplicate Order,432,Fawry,Refunded
RET00133,ORD0001351,09/09/2022,Duplicate Order,12155,Fawry,Refunded
RET00134,ORD0001356,18/12/2023,Duplicate Order,504,InstaPay,Pending
RET00135,ORD0001374,12/09/2023,Defective Product,2140,Cash,Refunded
RET00136,ORD0001376,14/11/2022,Size Issue,3040,InstaPay,Refunded
RET00137,ORD0001401,13/04/2023,Quality Issue,266,Vodafone Cash,Refunded
RET00138,ORD0001403,14/10/2024,Wrong Item Delivered,504,InstaPay,Refunded
RET00139,ORD0001407,03/03/2022,Duplicate Order,270,Credit Card,Refunded
RET00140,ORD0001408,17/01/2022,Duplicate Order,243,Credit Card,Refunded
RET00141,ORD0001421,31/03/2023,Size Issue,1038,Credit Card,Refunded
RET00142,ORD0001430,06/04/2023,Changed Mind,2996,Vodafone Cash,Refunded
RET00143,ORD0001448,01/09/2024,Wrong Item Delivered,551,Cash,Refunded
RET00144,ORD0001449,28/10/2022,Changed Mind,1000,Fawry,Refunded
RET00145,ORD0001459,06/06/2024,Size Issue,1200,Credit Card,Refunded
RET00146,ORD0001461,30/07/2024,Changed Mind,15494,Fawry,Refunded
RET00147,ORD0001467,23/05/2024,Defective Product,280,Fawry,Refunded
RET00148,ORD0001470,22/02/2022,Size Issue,2857,InstaPay,Refunded
RET00149,ORD0001494,18/12/2022,Quality Issue,700,Cash,Refunded
RET00150,ORD0001499,14/12/2022,Duplicate Order,252,Credit Card,Refunded
RET00151,ORD0001502,07/05/2023,Changed Mind,26660,Vodafone Cash,Refunded
RET00152,ORD0001503,03/07/2022,Changed Mind,199.5,Debit Card,Refunded
RET00153,ORD0001504,03/09/2023,Quality Issue,3980,Vodafone Cash,Pending
RET00154,ORD0001520,03/03/2022,Duplicate Order,1030,Debit Card,Refunded
RET00155,ORD0001523,11/10/2022,Wrong Item Delivered,272,Debit Card,Refunded
RET00156,ORD0001524,03/02/2022,Size Issue,1230,Fawry,Refunded
RET00157,ORD0001546,12/01/2024,Quality Issue,578,Fawry,Refunded
RET00158,ORD0001594,19/11/2022,Wrong Item Delivered,807,Cash,Refunded
RET00159,ORD0001612,03/01/2024,Wrong Item Delivered,530,Fawry,Rejected
RET00160,ORD0001613,04/05/2023,Size Issue,714,Debit Card,Refunded
RET00161,ORD0001615,06/05/2024,Wrong Item Delivered,612,Cash,Pending
RET00162,ORD0001633,03/10/2024,Quality Issue,2235,Cash,Refunded
RET00163,ORD0001634,18/04/2024,Duplicate Order,822,Credit Card,Pending
RET00164,ORD0001647,14/05/2024,Wrong Item Delivered,3220,Debit Card,Refunded
RET00165,ORD0001649,24/07/2024,Duplicate Order,14775,Fawry,Pending
RET00166,ORD0001652,31/10/2023,Duplicate Order,370,Credit Card,Pending
RET00167,ORD0001653,05/08/2022,Wrong Item Delivered,1532,Cash,Refunded
RET00168,ORD0001673,03/10/2022,Defective Product,610,Fawry,Refunded
RET00169,ORD0001691,18/07/2023,Wrong Item Delivered,4222,Vodafone Cash,Refunded
RET00170,ORD0001698,27/09/2024,Duplicate Order,2340,InstaPay,Refunded
RET00171,ORD0001712,31/10/2023,Quality Issue,10900,Fawry,Refunded
RET00172,ORD0001729,16/12/2023,Changed Mind,966,Cash,Refunded
RET00173,ORD0001732,10/10/2024,Duplicate Order,520,InstaPay,Pending
RET00174,ORD0001735,11/05/2022,Quality Issue,144,InstaPay,Refunded
RET00175,ORD0001744,01/03/2024,Size Issue,3148,Credit Card,Pending
RET00176,ORD0001745,19/06/2023,Size Issue,142.5,InstaPay,Pending
RET00177,ORD0001752,18/09/2023,Duplicate Order,15029,Vodafone Cash,Refunded
RET00178,ORD0001779,12/04/2024,Size Issue,105,Debit Card,Pending
RET00179,ORD0001788,24/01/2022,Wrong Item Delivered,1664,Vodafone Cash,Refunded
RET00180,ORD0001792,07/11/2024,Duplicate Order,1167,Cash,Refunded
RET00181,ORD0001795,26/04/2024,Duplicate Order,1965.5,Cash,Rejected
RET00182,ORD0001801,27/04/2022,Changed Mind,9960,InstaPay,Refunded
RET00183,ORD0001825,30/03/2022,Defective Product,3980,Vodafone Cash,Pending
RET00184,ORD0001831,01/12/2022,Duplicate Order,675,Cash,Refunded
RET00185,ORD0001838,03/11/2024,Changed Mind,1860,Vodafone Cash,Refunded
RET00186,ORD0001850,06/12/2023,Changed Mind,1175,Vodafone Cash,Refunded
RET00187,ORD0001855,20/09/2023,Size Issue,504,Credit Card,Refunded
RET00188,ORD0001856,01/12/2022,Defective Product,140,Debit Card,Pending
RET00189,ORD0001861,14/09/2024,Quality Issue,2500,Credit Card,Refunded
RET00190,ORD0001873,29/12/2022,Changed Mind,160,Debit Card,Refunded
RET00191,ORD0001888,26/08/2022,Quality Issue,440,Cash,Pending
RET00192,ORD0001906,22/04/2022,Changed Mind,345,Credit Card,Refunded
RET00193,ORD0001908,03/07/2023,Wrong Item Delivered,336,Vodafone Cash,Refunded
RET00194,ORD0001909,03/07/2024,Defective Product,350,InstaPay,Pending
RET00195,ORD0001921,09/11/2024,Defective Product,460,Cash,Refunded
RET00196,ORD0001922,16/07/2024,Wrong Item Delivered,1000,Debit Card,Refunded
RET00197,ORD0001923,09/01/2022,Duplicate Order,2199.5,Debit Card,Rejected
RET00198,ORD0001932,13/04/2024,Quality Issue,306,InstaPay,Pending
RET00199,ORD0001956,06/01/2024,Duplicate Order,142.5,Vodafone Cash,Refunded
RET00200,ORD0001962,14/05/2023,Size Issue,357,Fawry,Refunded
RET00201,ORD0001981,12/08/2023,Size Issue,1560,Credit Card,Refunded
RET00202,ORD0001986,12/05/2024,Defective Product,342,InstaPay,Refunded
RET00203,ORD0001990,14/09/2023,Defective Product,247,Vodafone Cash,Refunded
RET00204,ORD0001991,14/05/2023,Duplicate Order,4178,Cash,Refunded
RET00205,ORD0001995,06/11/2022,Duplicate Order,545.5,Vodafone Cash,Refunded
RET00206,ORD0002031,03/10/2024,Duplicate Order,1150,Cash,Pending
RET00207,ORD0002049,22/05/2023,Quality Issue,779,Credit Card,Refunded
RET00208,ORD0002050,19/11/2024,Defective Product,1498,Vodafone Cash,Refunded
RET00209,ORD0002095,30/11/2022,Duplicate Order,550,Debit Card,Refunded
RET00210,ORD0002103,13/06/2024,Duplicate Order,40500,Debit Card,Refunded
RET00211,ORD0002105,13/01/2023,Duplicate Order,135,Debit Card,Refunded
RET00212,ORD0002124,09/10/2023,Duplicate Order,2055,InstaPay,Refunded
RET00213,ORD0002156,17/05/2024,Changed Mind,828,Credit Card,Refunded
RET00214,ORD0002164,03/02/2022,Size Issue,2598,Fawry,Refunded
RET00215,ORD0002185,12/03/2024,Quality Issue,207,Vodafone Cash,Refunded
RET00216,ORD0002191,24/11/2024,Quality Issue,735,Credit Card,Refunded
RET00217,ORD0002198,05/12/2024,Defective Product,95,Cash,Refunded
RET00218,ORD0002200,13/01/2023,Changed Mind,126,Cash,Pending
RET00219,ORD0002237,24/02/2024,Changed Mind,288,Vodafone Cash,Refunded
RET00220,ORD0002239,08/02/2023,Defective Product,1080,Cash,Refunded
RET00221,ORD0002244,07/03/2023,Defective Product,1230,Vodafone Cash,Refunded
RET00222,ORD0002245,21/01/2024,Size Issue,1876,Credit Card,Refunded
RET00223,ORD0002256,09/09/2022,Size Issue,2228,Credit Card,Refunded
RET00224,ORD0002269,05/10/2022,Size Issue,540,Credit Card,Refunded
RET00225,ORD0002270,13/05/2022,Wrong Item Delivered,18024,Cash,Refunded
RET00226,ORD0002276,25/02/2024,Size Issue,2415.5,Fawry,Refunded
RET00227,ORD0002313,16/06/2024,Duplicate Order,247,Credit Card,Refunded
RET00228,ORD0002336,04/10/2022,Defective Product,2130,InstaPay,Pending
RET00229,ORD0002348,26/05/2022,Size Issue,1350,Fawry,Refunded
RET00230,ORD0002358,20/03/2023,Quality Issue,7356,Vodafone Cash,Refunded
RET00231,ORD0002366,20/04/2022,Duplicate Order,560,Cash,Refunded
RET00232,ORD0002384,16/07/2022,Wrong Item Delivered,220,Debit Card,Refunded
RET00233,ORD0002406,06/10/2022,Size Issue,606,Fawry,Refunded
RET00234,ORD0002410,15/02/2023,Defective Product,1500,Credit Card,Refunded
RET00235,ORD0002428,04/06/2024,Duplicate Order,1627,Credit Card,Refunded
RET00236,ORD0002430,16/12/2023,Quality Issue,549,Cash,Refunded
RET00237,ORD0002447,31/01/2023,Changed Mind,781,Vodafone Cash,Refunded
RET00238,ORD0002448,12/07/2022,Defective Product,2440,Cash,Pending
RET00239,ORD0002450,08/02/2023,Size Issue,1139,InstaPay,Refunded
RET00240,ORD0002478,04/10/2022,Changed Mind,50220,Vodafone Cash,Refunded
RET00241,ORD0002489,04/09/2023,Changed Mind,300,Vodafone Cash,Refunded
RET00242,ORD0002516,23/11/2024,Duplicate Order,3070,Vodafone Cash,Refunded
RET00243,ORD0002525,15/12/2023,Quality Issue,128,Vodafone Cash,Refunded
RET00244,ORD0002527,10/01/2022,Duplicate Order,140,Credit Card,Refunded
RET00245,ORD0002529,16/06/2024,Changed Mind,2333,Vodafone Cash,Refunded
RET00246,ORD0002530,01/07/2024,Duplicate Order,1846,Fawry,Refunded
RET00247,ORD0002549,20/02/2022,Wrong Item Delivered,612,Cash,Refunded
RET00248,ORD0002555,23/12/2022,Wrong Item Delivered,1111,Vodafone Cash,Rejected
RET00249,ORD0002580,10/11/2022,Size Issue,2160,Vodafone Cash,Refunded
RET00250,ORD0002588,09/12/2023,Duplicate Order,361,Fawry,Refunded
RET00251,ORD0002592,28/10/2024,Duplicate Order,1904.5,InstaPay,Refunded
RET00252,ORD0002619,26/02/2022,Quality Issue,171,Credit Card,Refunded
RET00253,ORD0002642,24/03/2024,Quality Issue,1390,Debit Card,Refunded
RET00254,ORD0002646,04/04/2023,Duplicate Order,800,Debit Card,Refunded
RET00255,ORD0002650,23/09/2022,Defective Product,1260,Credit Card,Pending
RET00256,ORD0002661,26/04/2022,Wrong Item Delivered,982,Credit Card,Pending
RET00257,ORD0002667,28/05/2024,Quality Issue,1888,Fawry,Refunded
RET00258,ORD0002675,09/07/2022,Wrong Item Delivered,432,Vodafone Cash,Pending
RET00259,ORD0002697,28/10/2024,Defective Product,2360,InstaPay,Refunded
RET00260,ORD0002704,07/10/2024,Size Issue,144,Credit Card,Refunded
RET00261,ORD0002761,15/11/2023,Defective Product,360,Fawry,Refunded
RET00262,ORD0002770,21/04/2023,Quality Issue,861,Debit Card,Refunded
RET00263,ORD0002780,28/11/2022,Changed Mind,280,InstaPay,Refunded
RET00264,ORD0002784,28/01/2024,Wrong Item Delivered,140,Debit Card,Refunded
RET00265,ORD0002787,10/07/2024,Size Issue,1367.5,Credit Card,Refunded
RET00266,ORD0002832,25/01/2024,Defective Product,1581,InstaPay,Refunded
RET00267,ORD0002836,16/12/2024,Changed Mind,13339.5,InstaPay,Refunded
RET00268,ORD0002840,03/11/2024,Changed Mind,1040,Debit Card,Refunded
RET00269,ORD0002846,13/05/2024,Changed Mind,1600,InstaPay,Refunded
RET00270,ORD0002860,13/03/2023,Size Issue,254,Cash,Refunded
RET00271,ORD0002861,07/01/2024,Changed Mind,5302,Credit Card,Rejected
RET00272,ORD0002872,10/08/2023,Defective Product,689,Debit Card,Rejected
RET00273,ORD0002883,27/08/2024,Duplicate Order,9045,Debit Card,Pending
RET00274,ORD0002906,19/03/2023,Size Issue,1054,Credit Card,Refunded
RET00275,ORD0002908,25/09/2023,Changed Mind,780,Fawry,Refunded
RET00276,ORD0002931,31/01/2024,Quality Issue,1180,Vodafone Cash,Refunded
RET00277,ORD0002971,18/03/2023,Wrong Item Delivered,14250,Debit Card,Pending
RET00278,ORD0002983,05/12/2024,Duplicate Order,912,Cash,Refunded
RET00279,ORD0003013,16/06/2022,Quality Issue,674.5,InstaPay,Refunded
RET00280,ORD0003014,07/01/2023,Size Issue,541.5,Debit Card,Refunded
RET00281,ORD0003021,20/10/2023,Defective Product,1244,Cash,Refunded
RET00282,ORD0003024,16/12/2024,Size Issue,413,Credit Card,Refunded
RET00283,ORD0003046,24/12/2024,Size Issue,5864,InstaPay,Refunded
RET00284,ORD0003047,09/05/2024,Quality Issue,15900,Cash,Refunded
RET00285,ORD0003050,31/01/2022,Duplicate Order,954,Cash,Refunded
RET00286,ORD0003051,23/02/2022,Changed Mind,682,Credit Card,Pending
RET00287,ORD0003060,01/09/2023,Size Issue,2513,InstaPay,Pending
RET00288,ORD0003077,23/05/2023,Quality Issue,6689,Debit Card,Refunded
RET00289,ORD0003080,16/12/2024,Wrong Item Delivered,2920,Fawry,Refunded
RET00290,ORD0003092,04/04/2022,Duplicate Order,586,Fawry,Refunded
RET00291,ORD0003105,25/04/2022,Changed Mind,150,Debit Card,Refunded
RET00292,ORD0003111,03/03/2022,Wrong Item Delivered,1043.5,Vodafone Cash,Refunded
RET00293,ORD0003116,11/02/2023,Quality Issue,1269,Credit Card,Refunded
RET00294,ORD0003117,15/11/2024,Size Issue,31110,Debit Card,Refunded
RET00295,ORD0003121,24/06/2022,Quality Issue,648,Fawry,Refunded
RET00296,ORD0003126,17/09/2024,Wrong Item Delivered,765,Cash,Refunded
RET00297,ORD0003128,30/05/2022,Defective Product,210,Cash,Refunded
RET00298,ORD0003135,19/08/2022,Size Issue,501.5,InstaPay,Refunded
RET00299,ORD0003138,30/06/2022,Quality Issue,6459,Debit Card,Pending
RET00300,ORD0003146,25/10/2023,Defective Product,990,InstaPay,Refunded
RET00301,ORD0003147,31/05/2024,Changed Mind,408,Fawry,Refunded
RET00302,ORD0003153,11/12/2024,Duplicate Order,5006.5,Vodafone Cash,Refunded
RET00303,ORD0003159,24/07/2023,Duplicate Order,387,Credit Card,Refunded
RET00304,ORD0003179,11/04/2022,Duplicate Order,160,InstaPay,Refunded
RET00305,ORD0003180,18/01/2023,Quality Issue,418,Cash,Refunded
RET00306,ORD0003209,01/12/2022,Size Issue,1412,Cash,Refunded
RET00307,ORD0003220,30/12/2022,Changed Mind,260,Debit Card,Refunded
RET00308,ORD0003231,06/09/2022,Defective Product,450,Cash,Refunded
RET00309,ORD0003233,27/05/2022,Size Issue,144,Cash,Refunded
RET00310,ORD0003248,30/10/2024,Changed Mind,180,Debit Card,Pending
RET00311,ORD0003275,26/01/2023,Duplicate Order,310,InstaPay,Refunded
RET00312,ORD0003286,15/02/2022,Duplicate Order,280,Cash,Refunded
RET00313,ORD0003294,25/06/2024,Wrong Item Delivered,408,Cash,Refunded
RET00314,ORD0003313,17/10/2024,Defective Product,459.5,Vodafone Cash,Refunded
RET00315,ORD0003318,12/03/2024,Changed Mind,1310,Debit Card,Refunded
RET00316,ORD0003319,20/09/2024,Changed Mind,360,Cash,Refunded
RET00317,ORD0003322,19/02/2024,Wrong Item Delivered,1520,Fawry,Pending
RET00318,ORD0003327,05/08/2024,Defective Product,1088,Vodafone Cash,Refunded
RET00319,ORD0003335,15/05/2023,Duplicate Order,266,InstaPay,Pending
RET00320,ORD0003350,15/07/2023,Duplicate Order,1001,Vodafone Cash,Rejected
RET00321,ORD0003363,30/06/2022,Defective Product,602,Cash,Rejected
RET00322,ORD0003426,02/09/2022,Size Issue,5584,Credit Card,Refunded
RET00323,ORD0003431,18/10/2023,Wrong Item Delivered,288,InstaPay,Refunded
RET00324,ORD0003445,28/09/2024,Duplicate Order,530,Vodafone Cash,Refunded
RET00325,ORD0003456,02/03/2023,Wrong Item Delivered,400,Vodafone Cash,Refunded
RET00326,ORD0003466,28/12/2024,Duplicate Order,45450,Cash,Refunded
RET00327,ORD0003471,30/06/2023,Size Issue,972.5,InstaPay,Refunded
RET00328,ORD0003498,27/04/2022,Wrong Item Delivered,1052,Debit Card,Refunded
RET00329,ORD0003502,04/11/2024,Quality Issue,126,Debit Card,Rejected
RET00330,ORD0003531,18/05/2022,Wrong Item Delivered,18592.5,Credit Card,Rejected
RET00331,ORD0003535,08/01/2023,Wrong Item Delivered,140,Vodafone Cash,Refunded
RET00332,ORD0003546,27/11/2022,Changed Mind,7087,Cash,Refunded
RET00333,ORD0003554,09/06/2024,Wrong Item Delivered,18637,Cash,Pending
RET00334,ORD0003564,23/03/2023,Size Issue,730,Vodafone Cash,Refunded
RET00335,ORD0003573,25/01/2023,Defective Product,26580,InstaPay,Refunded
RET00336,ORD0003590,16/04/2023,Duplicate Order,5900,Fawry,Rejected
RET00337,ORD0003614,05/03/2022,Wrong Item Delivered,3756,Fawry,Refunded
RET00338,ORD0003632,10/09/2024,Changed Mind,2193,Debit Card,Refunded
RET00339,ORD0003638,14/06/2022,Quality Issue,1440,Vodafone Cash,Refunded
RET00340,ORD0003680,21/09/2022,Wrong Item Delivered,600,InstaPay,Refunded
RET00341,ORD0003710,29/04/2024,Wrong Item Delivered,755,Credit Card,Pending
RET00342,ORD0003738,12/07/2024,Size Issue,252,Vodafone Cash,Refunded
RET00343,ORD0003776,29/04/2023,Duplicate Order,300,Credit Card,Rejected
RET00344,ORD0003778,03/03/2024,Wrong Item Delivered,500,InstaPay,Refunded
RET00345,ORD0003791,05/08/2024,Defective Product,1934,Debit Card,Refunded
RET00346,ORD0003795,26/08/2024,Defective Product,473,InstaPay,Refunded
RET00347,ORD0003802,06/08/2022,Size Issue,49106,InstaPay,Refunded
RET00348,ORD0003815,01/10/2022,Size Issue,1397,Vodafone Cash,Refunded
RET00349,ORD0003818,06/12/2022,Duplicate Order,1600,Vodafone Cash,Refunded
RET00350,ORD0003824,31/08/2022,Changed Mind,11920,Fawry,Refunded
RET00351,ORD0003829,20/05/2023,Size Issue,1632,Debit Card,Refunded
RET00352,ORD0003833,21/08/2023,Wrong Item Delivered,1044,Debit Card,Refunded
RET00353,ORD0003835,24/10/2022,Changed Mind,1120,InstaPay,Refunded
RET00354,ORD0003836,05/10/2022,Quality Issue,10775,Credit Card,Refunded
RET00355,ORD0003838,12/05/2024,Duplicate Order,50397,Vodafone Cash,Refunded
RET00356,ORD0003851,19/11/2023,Defective Product,153,Debit Card,Refunded
RET00357,ORD0003853,04/07/2022,Defective Product,893.5,Vodafone Cash,Pending
RET00358,ORD0003867,02/12/2022,Duplicate Order,520,Debit Card,Refunded
RET00359,ORD0003885,08/01/2022,Quality Issue,2101.5,InstaPay,Refunded
RET00360,ORD0003890,18/12/2023,Size Issue,9333,Credit Card,Refunded
RET00361,ORD0003900,27/01/2022,Duplicate Order,880,InstaPay,Refunded
RET00362,ORD0003907,04/09/2024,Defective Product,1504,Debit Card,Refunded
RET00363,ORD0003917,29/10/2022,Size Issue,51260,Fawry,Refunded
RET00364,ORD0003922,21/09/2022,Quality Issue,24759,Debit Card,Refunded
RET00365,ORD0003935,08/09/2023,Wrong Item Delivered,160,Vodafone Cash,Pending
RET00366,ORD0003947,24/11/2023,Changed Mind,11360,InstaPay,Refunded
RET00367,ORD0003948,29/08/2022,Size Issue,161.5,Fawry,Refunded
RET00368,ORD0003952,27/03/2023,Duplicate Order,399,Credit Card,Refunded
RET00369,ORD0003964,06/12/2023,Defective Product,285,Fawry,Refunded
RET00370,ORD0003967,02/02/2024,Quality Issue,2654.5,Cash,Refunded
RET00371,ORD0003968,08/11/2024,Wrong Item Delivered,80,InstaPay,Refunded
RET00372,ORD0003970,19/02/2024,Quality Issue,510,Cash,Refunded
RET00373,ORD0003975,07/08/2024,Changed Mind,2744,Vodafone Cash,Refunded
RET00374,ORD0003994,14/02/2024,Wrong Item Delivered,270,Cash,Pending
RET00375,ORD0003997,28/11/2024,Wrong Item Delivered,2996,Credit Card,Refunded
RET00376,ORD0004008,11/07/2024,Changed Mind,285,Fawry,Refunded
RET00377,ORD0004022,11/10/2023,Duplicate Order,470,Cash,Refunded
RET00378,ORD0004028,05/06/2022,Wrong Item Delivered,950,Fawry,Refunded
RET00379,ORD0004034,17/07/2024,Size Issue,1962,Vodafone Cash,Pending
RET00380,ORD0004052,31/01/2022,Defective Product,3742,Debit Card,Rejected
RET00381,ORD0004063,10/02/2023,Changed Mind,2440,Credit Card,Refunded
RET00382,ORD0004141,09/07/2024,Quality Issue,587,Debit Card,Refunded
RET00383,ORD0004168,05/11/2022,Size Issue,1476.5,Debit Card,Refunded
RET00384,ORD0004175,08/06/2023,Wrong Item Delivered,750,Credit Card,Refunded
RET00385,ORD0004194,25/01/2024,Quality Issue,21288,Cash,Refunded
RET00386,ORD0004196,23/09/2024,Quality Issue,263.5,Cash,Refunded
RET00387,ORD0004201,12/06/2022,Changed Mind,190,Cash,Refunded
RET00388,ORD0004206,14/11/2022,Quality Issue,39450,Credit Card,Refunded
RET00389,ORD0004216,08/04/2023,Size Issue,531,Vodafone Cash,Pending
RET00390,ORD0004218,19/09/2024,Quality Issue,1246.5,Cash,Refunded
RET00391,ORD0004227,17/05/2024,Defective Product,2154,Credit Card,Refunded
RET00392,ORD0004243,13/06/2022,Size Issue,731.5,Debit Card,Refunded
RET00393,ORD0004248,11/06/2023,Duplicate Order,2232,InstaPay,Refunded
RET00394,ORD0004269,13/09/2023,Changed Mind,378,Cash,Refunded
RET00395,ORD0004286,24/04/2024,Duplicate Order,5640,Cash,Refunded
RET00396,ORD0004314,21/08/2023,Wrong Item Delivered,2400,Fawry,Pending
RET00397,ORD0004327,29/12/2023,Changed Mind,627,InstaPay,Refunded
RET00398,ORD0004353,16/11/2023,Wrong Item Delivered,1838.5,Vodafone Cash,Refunded
RET00399,ORD0004360,21/11/2023,Size Issue,441,Fawry,Refunded
RET00400,ORD0004363,03/05/2023,Defective Product,223.5,Debit Card,Refunded
RET00401,ORD0004385,11/09/2023,Changed Mind,364,Fawry,Rejected
RET00402,ORD0004399,19/06/2023,Changed Mind,1872,Fawry,Refunded
RET00403,ORD0004409,04/11/2023,Defective Product,378,Debit Card,Refunded
RET00404,ORD0004417,17/03/2023,Duplicate Order,225,InstaPay,Refunded
RET00405,ORD0004423,10/06/2023,Wrong Item Delivered,228,InstaPay,Pending
RET00406,ORD0004426,09/09/2024,Changed Mind,10392,Vodafone Cash,Refunded
RET00407,ORD0004445,10/07/2022,Quality Issue,2366,Cash,Rejected
RET00408,ORD0004447,20/09/2022,Wrong Item Delivered,190,Vodafone Cash,Pending
RET00409,ORD0004494,21/03/2022,Duplicate Order,804,Credit Card,Refunded
RET00410,ORD0004503,09/12/2023,Quality Issue,21450,Debit Card,Refunded
RET00411,ORD0004509,04/05/2022,Size Issue,9333,Fawry,Refunded
RET00412,ORD0004510,22/07/2023,Quality Issue,270,Cash,Refunded
RET00413,ORD0004519,23/06/2023,Quality Issue,1271.5,Fawry,Refunded
RET00414,ORD0004526,13/08/2022,Size Issue,980,InstaPay,Refunded
RET00415,ORD0004535,04/08/2022,Wrong Item Delivered,38766,InstaPay,Refunded
RET00416,ORD0004543,06/10/2022,Changed Mind,1884.5,Cash,Rejected
RET00417,ORD0004544,17/05/2024,Wrong Item Delivered,690,Debit Card,Refunded
RET00418,ORD0004579,10/03/2023,Quality Issue,2337.5,InstaPay,Refunded
RET00419,ORD0004582,01/09/2023,Quality Issue,1650,Cash,Rejected
RET00420,ORD0004607,19/10/2022,Defective Product,835.5,Credit Card,Refunded
RET00421,ORD0004609,17/12/2023,Wrong Item Delivered,21390,Cash,Rejected
RET00422,ORD0004633,08/04/2023,Changed Mind,504,InstaPay,Refunded
RET00423,ORD0004647,05/10/2023,Defective Product,536,Credit Card,Refunded
RET00424,ORD0004656,25/07/2024,Changed Mind,3049,Debit Card,Refunded
RET00425,ORD0004668,15/11/2024,Wrong Item Delivered,1776.5,Credit Card,Refunded
RET00426,ORD0004681,20/05/2022,Changed Mind,8900,Fawry,Refunded
RET00427,ORD0004684,31/08/2024,Defective Product,468,Credit Card,Refunded
RET00428,ORD0004715,24/10/2023,Changed Mind,95870,Cash,Refunded
RET00429,ORD0004719,04/08/2024,Duplicate Order,8010,Credit Card,Refunded
RET00430,ORD0004729,01/05/2024,Duplicate Order,260,Debit Card,Rejected
RET00431,ORD0004732,05/07/2024,Size Issue,3216,Debit Card,Refunded
RET00432,ORD0004741,20/12/2023,Changed Mind,5872,Credit Card,Pending
RET00433,ORD0004745,07/06/2022,Wrong Item Delivered,210,Vodafone Cash,Refunded
RET00434,ORD0004753,30/05/2022,Changed Mind,120,Cash,Refunded
RET00435,ORD0004756,03/02/2023,Duplicate Order,210,Fawry,Refunded
RET00436,ORD0004772,02/02/2023,Size Issue,1962.5,Credit Card,Refunded
RET00437,ORD0004789,21/07/2023,Duplicate Order,2542,Cash,Pending
RET00438,ORD0004802,23/05/2023,Duplicate Order,579.5,Vodafone Cash,Refunded
RET00439,ORD0004803,04/12/2024,Size Issue,127.5,Fawry,Refunded
RET00440,ORD0004806,22/01/2024,Defective Product,437,Cash,Refunded
RET00441,ORD0004822,04/03/2022,Wrong Item Delivered,337.5,Fawry,Rejected
RET00442,ORD0004824,19/10/2022,Size Issue,1170,Vodafone Cash,Refunded
RET00443,ORD0004832,21/10/2022,Size Issue,24260,Credit Card,Refunded
RET00444,ORD0004844,07/09/2023,Duplicate Order,45143,Fawry,Refunded
RET00445,ORD0004860,13/02/2023,Quality Issue,120,Fawry,Rejected
RET00446,ORD0004884,18/09/2023,Wrong Item Delivered,384,Credit Card,Rejected
RET00447,ORD0004885,20/06/2023,Changed Mind,5945,Fawry,Pending
RET00448,ORD0004895,13/06/2024,Wrong Item Delivered,12025,Vodafone Cash,Refunded
RET00449,ORD0004897,18/04/2022,Wrong Item Delivered,991,InstaPay,Refunded
RET00450,ORD0004906,28/08/2022,Changed Mind,1046.5,Cash,Refunded
RET00451,ORD0004931,08/09/2022,Quality Issue,672,Debit Card,Refunded
RET00452,ORD0004953,25/02/2023,Quality Issue,612,Credit Card,Refunded
RET00453,ORD0004958,21/07/2023,Defective Product,35640,Cash,Refunded
RET00454,ORD0004974,07/04/2024,Duplicate Order,990,Cash,Rejected
RET00455,ORD0004989,06/01/2024,Duplicate Order,700,Vodafone Cash,Refunded
RET00456,ORD0004991,17/05/2023,Quality Issue,5756,Fawry,Refunded
RET00457,ORD0005003,15/01/2024,Defective Product,513,Debit Card,Refunded
RET00458,ORD0005010,24/02/2023,Defective Product,450,Credit Card,Refunded
RET00459,ORD0005016,08/04/2022,Duplicate Order,712,Vodafone Cash,Pending
RET00460,ORD0005040,06/10/2024,Changed Mind,437,Fawry,Rejected
RET00461,ORD0005042,15/12/2022,Defective Product,909,Cash,Pending
RET00462,ORD0005048,26/05/2023,Wrong Item Delivered,567,Vodafone Cash,Refunded
RET00463,ORD0005051,08/12/2024,Defective Product,1033.5,Credit Card,Refunded
RET00464,ORD0005076,10/04/2024,Quality Issue,140,Debit Card,Refunded
RET00465,ORD0005087,28/01/2023,Quality Issue,81,Fawry,Rejected
RET00466,ORD0005093,13/12/2023,Quality Issue,716,Debit Card,Pending
RET00467,ORD0005098,27/04/2023,Duplicate Order,1264,Vodafone Cash,Pending
RET00468,ORD0005122,31/01/2024,Changed Mind,546,Vodafone Cash,Refunded
RET00469,ORD0005156,08/05/2024,Duplicate Order,1051,Vodafone Cash,Pending
RET00470,ORD0005166,09/12/2023,Quality Issue,180,Debit Card,Rejected
RET00471,ORD0005169,05/07/2023,Duplicate Order,230,InstaPay,Refunded
RET00472,ORD0005191,14/12/2024,Duplicate Order,1280,Cash,Refunded
RET00473,ORD0005204,13/09/2022,Wrong Item Delivered,1440,Fawry,Pending
RET00474,ORD0005207,01/02/2022,Defective Product,895,Vodafone Cash,Refunded
RET00475,ORD0005219,04/12/2022,Defective Product,1752,Credit Card,Pending
RET00476,ORD0005223,30/01/2024,Wrong Item Delivered,592,Vodafone Cash,Refunded
RET00477,ORD0005232,02/07/2022,Wrong Item Delivered,1175.5,Credit Card,Refunded
RET00478,ORD0005234,11/10/2022,Duplicate Order,993,InstaPay,Refunded
RET00479,ORD0005241,03/03/2023,Duplicate Order,2380,Debit Card,Refunded
RET00480,ORD0005247,17/06/2024,Duplicate Order,15725,Cash,Refunded
RET00481,ORD0005248,22/08/2024,Wrong Item Delivered,20689,Credit Card,Refunded
RET00482,ORD0005257,30/06/2024,Defective Product,1200,Cash,Refunded
RET00483,ORD0005258,11/07/2024,Quality Issue,117,InstaPay,Refunded
RET00484,ORD0005268,15/11/2023,Size Issue,255,Cash,Refunded
RET00485,ORD0005274,27/07/2023,Size Issue,21161,InstaPay,Refunded
RET00486,ORD0005279,13/12/2023,Quality Issue,920,Credit Card,Refunded
RET00487,ORD0005283,04/10/2022,Defective Product,1288,Vodafone Cash,Refunded
RET00488,ORD0005289,02/10/2024,Duplicate Order,14700,Cash,Refunded
RET00489,ORD0005293,05/05/2024,Defective Product,144,Cash,Refunded
RET00490,ORD0005305,13/09/2024,Quality Issue,420,Cash,Refunded
RET00491,ORD0005353,16/11/2022,Changed Mind,11824,Vodafone Cash,Refunded
RET00492,ORD0005376,29/04/2024,Changed Mind,300,Fawry,Refunded
RET00493,ORD0005379,26/03/2023,Changed Mind,1785.5,Cash,Refunded
RET00494,ORD0005393,05/01/2023,Size Issue,456,Credit Card,Rejected
RET00495,ORD0005406,05/01/2023,Defective Product,270,Debit Card,Refunded
RET00496,ORD0005419,23/02/2023,Changed Mind,18180,Credit Card,Refunded
RET00497,ORD0005425,09/04/2023,Changed Mind,280.5,InstaPay,Refunded
RET00498,ORD0005428,27/07/2023,Size Issue,590.5,Debit Card,Pending
RET00499,ORD0005429,31/12/2024,Defective Product,1435.5,Fawry,Refunded
RET00500,ORD0005436,27/04/2024,Changed Mind,615,Credit Card,Pending
RET00501,ORD0005438,08/02/2022,Wrong Item Delivered,208,Debit Card,Refunded
RET00502,ORD0005452,06/04/2023,Size Issue,507.5,Debit Card,Refunded
RET00503,ORD0005458,20/10/2024,Size Issue,693,Vodafone Cash,Refunded
RET00504,ORD0005461,30/07/2024,Duplicate Order,2927,Debit Card,Refunded
RET00505,ORD0005495,16/04/2022,Size Issue,2170,Fawry,Pending
RET00506,ORD0005524,13/08/2022,Changed Mind,684,Debit Card,Refunded
RET00507,ORD0005546,11/09/2022,Duplicate Order,655.5,InstaPay,Pending
RET00508,ORD0005552,05/01/2024,Changed Mind,405,Vodafone Cash,Refunded
RET00509,ORD0005564,22/03/2022,Defective Product,1052,InstaPay,Pending
RET00510,ORD0005585,15/12/2023,Defective Product,760,Fawry,Refunded
RET00511,ORD0005602,08/09/2023,Duplicate Order,520,Fawry,Pending
RET00512,ORD0005603,10/04/2022,Changed Mind,3920,Cash,Refunded
RET00513,ORD0005620,20/03/2022,Quality Issue,11334,Cash,Refunded
RET00514,ORD0005621,02/09/2024,Defective Product,270,InstaPay,Refunded
RET00515,ORD0005646,10/07/2024,Size Issue,1288.5,Cash,Pending
RET00516,ORD0005673,17/03/2022,Wrong Item Delivered,810,Vodafone Cash,Refunded
RET00517,ORD0005675,19/05/2024,Duplicate Order,3705,Fawry,Refunded
RET00518,ORD0005679,10/08/2022,Defective Product,13360,Fawry,Refunded
RET00519,ORD0005685,10/09/2022,Changed Mind,370,InstaPay,Refunded
RET00520,ORD0005687,16/06/2023,Size Issue,1153,InstaPay,Refunded
RET00521,ORD0005688,08/10/2023,Size Issue,2080,Vodafone Cash,Refunded
RET00522,ORD0005698,13/01/2022,Quality Issue,522,Debit Card,Rejected
RET00523,ORD0005700,25/08/2024,Changed Mind,494,InstaPay,Refunded
RET00524,ORD0005706,25/06/2023,Duplicate Order,1080,Debit Card,Refunded
RET00525,ORD0005710,18/10/2022,Quality Issue,720,Fawry,Pending
RET00526,ORD0005723,18/08/2024,Wrong Item Delivered,2932,Debit Card,Pending
RET00527,ORD0005743,30/12/2024,Quality Issue,1410,Debit Card,Pending
RET00528,ORD0005755,04/02/2023,Quality Issue,450,InstaPay,Refunded
RET00529,ORD0005756,29/12/2022,Size Issue,162,InstaPay,Refunded
RET00530,ORD0005760,20/10/2023,Duplicate Order,160,Cash,Refunded
RET00531,ORD0005778,24/01/2022,Changed Mind,2888,Fawry,Refunded
RET00532,ORD0005780,08/03/2022,Wrong Item Delivered,12788.5,Credit Card,Pending
RET00533,ORD0005781,13/07/2023,Duplicate Order,140,Vodafone Cash,Refunded
RET00534,ORD0005789,18/08/2024,Changed Mind,19800,InstaPay,Rejected
RET00535,ORD0005791,17/04/2022,Duplicate Order,700,Vodafone Cash,Refunded
RET00536,ORD0005795,13/04/2024,Size Issue,142.5,InstaPay,Refunded
RET00537,ORD0005812,28/07/2022,Changed Mind,300,InstaPay,Refunded
RET00538,ORD0005813,13/08/2024,Changed Mind,11071,Fawry,Refunded
RET00539,ORD0005828,26/05/2023,Duplicate Order,12540,Fawry,Refunded
RET00540,ORD0005830,17/06/2023,Size Issue,2528,Fawry,Refunded
RET00541,ORD0005835,07/09/2022,Defective Product,142.5,Vodafone Cash,Refunded
RET00542,ORD0005849,06/05/2023,Quality Issue,851,InstaPay,Refunded
RET00543,ORD0005863,13/03/2023,Size Issue,2800,InstaPay,Refunded
RET00544,ORD0005874,29/07/2022,Changed Mind,160,Fawry,Refunded
RET00545,ORD0005879,27/02/2024,Wrong Item Delivered,756,Fawry,Refunded
RET00546,ORD0005890,26/11/2022,Quality Issue,1880,Fawry,Refunded
RET00547,ORD0005891,04/05/2022,Size Issue,468,InstaPay,Refunded
RET00548,ORD0005898,05/09/2024,Defective Product,1967,Debit Card,Pending
RET00549,ORD0005902,10/09/2022,Changed Mind,782,Vodafone Cash,Refunded
RET00550,ORD0005923,29/12/2022,Quality Issue,2125.5,InstaPay,Rejected
RET00551,ORD0005941,19/05/2024,Wrong Item Delivered,2717.5,Cash,Refunded
RET00552,ORD0005963,11/08/2022,Quality Issue,640,Debit Card,Refunded
RET00553,ORD0005997,27/12/2022,Defective Product,840,Vodafone Cash,Refunded
RET00554,ORD0006005,26/04/2022,Size Issue,127.5,Vodafone Cash,Refunded
RET00555,ORD0006007,01/09/2024,Size Issue,581,Cash,Refunded
RET00556,ORD0006009,14/09/2023,Defective Product,399,Debit Card,Refunded
RET00557,ORD0006011,10/01/2023,Defective Product,1140,Credit Card,Refunded
RET00558,ORD0006013,01/04/2024,Quality Issue,140,Debit Card,Refunded
RET00559,ORD0006041,22/07/2023,Size Issue,360,Credit Card,Refunded
RET00560,ORD0006053,29/08/2022,Quality Issue,3003,Vodafone Cash,Pending
RET00561,ORD0006056,16/11/2024,Wrong Item Delivered,1657,InstaPay,Refunded
RET00562,ORD0006057,08/10/2024,Size Issue,13080,Vodafone Cash,Refunded
RET00563,ORD0006072,18/07/2023,Defective Product,130,Debit Card,Refunded
RET00564,ORD0006089,14/11/2022,Defective Product,850,Debit Card,Refunded
RET00565,ORD0006094,09/06/2024,Wrong Item Delivered,2535,Credit Card,Refunded
RET00566,ORD0006109,30/06/2024,Wrong Item Delivered,1356,Vodafone Cash,Refunded
RET00567,ORD0006126,15/05/2022,Wrong Item Delivered,624,Fawry,Refunded
RET00568,ORD0006143,08/04/2024,Duplicate Order,280,InstaPay,Refunded
RET00569,ORD0006156,06/12/2023,Defective Product,3422.5,Cash,Refunded
RET00570,ORD0006164,30/09/2022,Size Issue,480,Debit Card,Refunded
RET00571,ORD0006167,01/12/2023,Wrong Item Delivered,1120,Fawry,Refunded
RET00572,ORD0006182,28/05/2022,Changed Mind,1230,InstaPay,Refunded
RET00573,ORD0006187,14/04/2023,Size Issue,873,Credit Card,Refunded
RET00574,ORD0006200,25/04/2024,Size Issue,1052,Credit Card,Refunded
RET00575,ORD0006214,18/03/2022,Changed Mind,1158,InstaPay,Refunded
RET00576,ORD0006231,16/01/2023,Duplicate Order,680,Vodafone Cash,Refunded
RET00577,ORD0006270,26/05/2022,Defective Product,272,Cash,Refunded
RET00578,ORD0006279,13/07/2024,Defective Product,231,Credit Card,Refunded
RET00579,ORD0006284,02/04/2023,Size Issue,1938,Fawry,Rejected
RET00580,ORD0006296,24/04/2024,Defective Product,764,Cash,Refunded
RET00581,ORD0006306,10/08/2022,Size Issue,333,InstaPay,Pending
RET00582,ORD0006309,15/07/2024,Defective Product,190,Cash,Refunded
RET00583,ORD0006325,24/09/2024,Defective Product,720,Fawry,Refunded
RET00584,ORD0006326,24/06/2024,Defective Product,11740,InstaPay,Refunded
RET00585,ORD0006338,12/02/2023,Size Issue,1660,Vodafone Cash,Refunded
RET00586,ORD0006344,09/12/2023,Defective Product,142.5,Cash,Pending
RET00587,ORD0006351,05/04/2022,Wrong Item Delivered,1434,Fawry,Refunded
RET00588,ORD0006371,13/04/2023,Wrong Item Delivered,598,Cash,Refunded
RET00589,ORD0006390,08/01/2024,Changed Mind,980,Debit Card,Refunded
RET00590,ORD0006393,14/07/2023,Changed Mind,287,Credit Card,Pending
RET00591,ORD0006402,29/05/2023,Wrong Item Delivered,1326.5,Fawry,Pending
RET00592,ORD0006410,29/01/2022,Defective Product,453,InstaPay,Refunded
RET00593,ORD0006424,23/12/2022,Defective Product,2180,Vodafone Cash,Refunded
RET00594,ORD0006430,04/04/2022,Changed Mind,128,Vodafone Cash,Refunded
RET00595,ORD0006431,02/08/2024,Defective Product,17575,Debit Card,Refunded
RET00596,ORD0006433,14/01/2024,Duplicate Order,306,Fawry,Refunded
RET00597,ORD0006436,26/05/2022,Changed Mind,37740,Debit Card,Refunded
RET00598,ORD0006463,28/11/2024,Duplicate Order,1076,InstaPay,Pending
RET00599,ORD0006479,05/09/2024,Duplicate Order,855,Credit Card,Refunded
RET00600,ORD0006486,13/05/2024,Quality Issue,828,Credit Card,Refunded
RET00601,ORD0006488,19/01/2022,Changed Mind,863,Fawry,Refunded
RET00602,ORD0006519,15/12/2024,Defective Product,860,Cash,Refunded
RET00603,ORD0006520,13/11/2024,Quality Issue,731.5,Fawry,Pending
RET00604,ORD0006561,09/07/2024,Size Issue,32885,Credit Card,Refunded
RET00605,ORD0006562,21/11/2024,Quality Issue,1930,Debit Card,Refunded
RET00606,ORD0006580,17/04/2024,Duplicate Order,18033,InstaPay,Rejected
RET00607,ORD0006591,16/09/2022,Wrong Item Delivered,5000,Debit Card,Refunded
RET00608,ORD0006598,12/09/2022,Defective Product,1870,Vodafone Cash,Refunded
RET00609,ORD0006599,04/11/2024,Wrong Item Delivered,2240,Vodafone Cash,Refunded
RET00610,ORD0006611,03/05/2023,Wrong Item Delivered,1250,Cash,Refunded
RET00611,ORD0006645,19/06/2022,Quality Issue,520,InstaPay,Refunded
RET00612,ORD0006668,14/03/2023,Size Issue,1449,Vodafone Cash,Rejected
RET00613,ORD0006670,24/02/2022,Wrong Item Delivered,740,Debit Card,Pending
RET00614,ORD0006678,25/05/2023,Wrong Item Delivered,1554,Cash,Refunded
RET00615,ORD0006694,28/10/2024,Changed Mind,3994,Credit Card,Refunded
RET00616,ORD0006696,04/11/2023,Quality Issue,13989,Credit Card,Refunded
RET00617,ORD0006698,11/10/2023,Defective Product,1445.5,Cash,Refunded
RET00618,ORD0006725,04/10/2022,Wrong Item Delivered,370,InstaPay,Refunded
RET00619,ORD0006726,09/06/2024,Size Issue,864,Debit Card,Refunded
RET00620,ORD0006736,20/09/2023,Changed Mind,1290,Cash,Refunded
RET00621,ORD0006758,13/07/2023,Defective Product,960,Credit Card,Refunded
RET00622,ORD0006770,06/07/2023,Duplicate Order,700,InstaPay,Rejected
RET00623,ORD0006785,13/07/2024,Wrong Item Delivered,20628,Fawry,Refunded
RET00624,ORD0006800,31/05/2023,Defective Product,1394,Fawry,Rejected
RET00625,ORD0006804,14/03/2023,Wrong Item Delivered,1184,Cash,Refunded
RET00626,ORD0006807,30/03/2024,Wrong Item Delivered,1496,Fawry,Refunded
RET00627,ORD0006823,15/10/2022,Defective Product,322.5,Vodafone Cash,Refunded
RET00628,ORD0006845,01/04/2023,Wrong Item Delivered,399.5,Cash,Refunded
RET00629,ORD0006851,12/07/2024,Defective Product,160,Credit Card,Refunded
RET00630,ORD0006866,27/03/2024,Quality Issue,2460,Credit Card,Refunded
RET00631,ORD0006877,13/01/2023,Changed Mind,320,Fawry,Pending
RET00632,ORD0006880,11/02/2023,Duplicate Order,260,Fawry,Refunded
RET00633,ORD0006883,24/04/2022,Duplicate Order,3720,Cash,Rejected
RET00634,ORD0006922,19/04/2024,Defective Product,2253.5,Debit Card,Refunded
RET00635,ORD0006953,21/09/2023,Quality Issue,136,Cash,Pending
RET00636,ORD0006961,18/11/2024,Defective Product,456,Cash,Refunded
RET00637,ORD0006963,13/03/2022,Defective Product,12665,Vodafone Cash,Pending
RET00638,ORD0006964,16/10/2022,Defective Product,8109.5,Cash,Rejected
RET00639,ORD0006983,11/12/2022,Changed Mind,380,Debit Card,Refunded
RET00640,ORD0006995,14/08/2022,Quality Issue,90,Cash,Refunded
RET00641,ORD0007003,26/03/2024,Defective Product,698,Cash,Pending
RET00642,ORD0007009,28/01/2024,Changed Mind,1004,Vodafone Cash,Refunded
RET00643,ORD0007012,13/01/2022,Defective Product,270,InstaPay,Pending
RET00644,ORD0007024,19/07/2022,Changed Mind,480,InstaPay,Refunded
RET00645,ORD0007026,29/04/2022,Defective Product,1180,Credit Card,Refunded
RET00646,ORD0007047,01/07/2024,Defective Product,408,Cash,Refunded
RET00647,ORD0007059,26/01/2022,Duplicate Order,1327,Debit Card,Pending
RET00648,ORD0007060,19/04/2022,Wrong Item Delivered,1036,Cash,Refunded
RET00649,ORD0007061,23/07/2023,Wrong Item Delivered,1372,Credit Card,Rejected
RET00650,ORD0007063,27/07/2023,Defective Product,1171,Vodafone Cash,Pending
RET00651,ORD0007065,24/11/2023,Duplicate Order,1136,InstaPay,Pending
RET00652,ORD0007076,25/07/2022,Duplicate Order,720,Fawry,Refunded
RET00653,ORD0007104,12/05/2023,Size Issue,532,Cash,Refunded
RET00654,ORD0007105,07/09/2023,Changed Mind,840,Fawry,Refunded
RET00655,ORD0007112,02/10/2023,Quality Issue,1216,Cash,Refunded
RET00656,ORD0007121,23/02/2024,Wrong Item Delivered,936.5,Cash,Refunded
RET00657,ORD0007128,15/09/2022,Size Issue,6224,Vodafone Cash,Refunded
RET00658,ORD0007129,17/02/2022,Quality Issue,180,Debit Card,Refunded
RET00659,ORD0007135,06/10/2022,Quality Issue,350,Vodafone Cash,Refunded
RET00660,ORD0007177,06/05/2022,Size Issue,119,Fawry,Pending
RET00661,ORD0007202,17/01/2024,Wrong Item Delivered,1043,Vodafone Cash,Refunded
RET00662,ORD0007216,13/01/2023,Quality Issue,1848,Credit Card,Refunded
RET00663,ORD0007223,12/07/2023,Duplicate Order,300,InstaPay,Refunded
RET00664,ORD0007274,20/11/2022,Defective Product,911,Credit Card,Refunded
RET00665,ORD0007281,15/08/2023,Wrong Item Delivered,699,Cash,Rejected
RET00666,ORD0007293,24/03/2022,Duplicate Order,6847,Cash,Refunded
RET00667,ORD0007315,08/02/2022,Quality Issue,321,Vodafone Cash,Refunded
RET00668,ORD0007349,12/10/2023,Size Issue,1441,Cash,Refunded
RET00669,ORD0007375,16/03/2024,Changed Mind,28688,InstaPay,Rejected
RET00670,ORD0007382,18/10/2022,Wrong Item Delivered,577.5,Debit Card,Refunded
RET00671,ORD0007390,13/07/2023,Duplicate Order,1026,Credit Card,Refunded
RET00672,ORD0007392,10/04/2022,Wrong Item Delivered,544,InstaPay,Refunded
RET00673,ORD0007424,04/03/2024,Size Issue,2580,Debit Card,Pending
RET00674,ORD0007426,13/10/2022,Wrong Item Delivered,450,Cash,Pending
RET00675,ORD0007438,30/10/2023,Quality Issue,1475,Credit Card,Refunded
RET00676,ORD0007448,08/03/2022,Wrong Item Delivered,1738.5,InstaPay,Refunded
RET00677,ORD0007478,18/05/2024,Size Issue,936,Fawry,Refunded
RET00678,ORD0007490,28/11/2023,Wrong Item Delivered,3042.5,Credit Card,Refunded
RET00679,ORD0007526,01/05/2024,Duplicate Order,144,Vodafone Cash,Refunded
RET00680,ORD0007527,29/03/2024,Quality Issue,853,Credit Card,Pending
RET00681,ORD0007534,25/08/2023,Quality Issue,127.5,Fawry,Refunded
RET00682,ORD0007542,04/10/2022,Size Issue,13340,Debit Card,Refunded
RET00683,ORD0007543,09/11/2022,Changed Mind,1672.5,Credit Card,Refunded
RET00684,ORD0007553,27/01/2022,Quality Issue,457,Debit Card,Refunded
RET00685,ORD0007563,19/09/2023,Defective Product,459,Fawry,Refunded
RET00686,ORD0007565,28/03/2022,Defective Product,1976,Vodafone Cash,Pending
RET00687,ORD0007579,27/04/2022,Changed Mind,319.5,InstaPay,Refunded
RET00688,ORD0007596,25/08/2023,Wrong Item Delivered,1310,InstaPay,Pending
RET00689,ORD0007607,21/07/2023,Wrong Item Delivered,2760,Fawry,Refunded
RET00690,ORD0007624,30/04/2023,Changed Mind,2040,Fawry,Refunded
RET00691,ORD0007640,26/12/2022,Quality Issue,750,Debit Card,Rejected
RET00692,ORD0007671,29/12/2024,Size Issue,1072.5,Debit Card,Refunded
RET00693,ORD0007674,25/09/2024,Duplicate Order,1435.5,Debit Card,Refunded
RET00694,ORD0007689,29/04/2024,Defective Product,15300,Cash,Refunded
RET00695,ORD0007691,10/07/2023,Changed Mind,513,Vodafone Cash,Rejected
RET00696,ORD0007708,06/08/2022,Defective Product,1256,InstaPay,Refunded
RET00697,ORD0007713,29/03/2023,Duplicate Order,378,Credit Card,Refunded
RET00698,ORD0007718,31/12/2024,Defective Product,747,Fawry,Refunded
RET00699,ORD0007725,28/06/2022,Quality Issue,700,Vodafone Cash,Refunded
RET00700,ORD0007739,17/12/2023,Changed Mind,2890,Fawry,Refunded
RET00701,ORD0007774,24/08/2022,Defective Product,248,Cash,Refunded
RET00702,ORD0007825,05/07/2022,Defective Product,670,Vodafone Cash,Refunded
RET00703,ORD0007857,26/03/2023,Quality Issue,1140,InstaPay,Pending
RET00704,ORD0007879,17/10/2023,Duplicate Order,3260,Fawry,Refunded
RET00705,ORD0007884,07/05/2023,Size Issue,437,Fawry,Refunded
RET00706,ORD0007887,01/02/2022,Size Issue,8800,Credit Card,Refunded
RET00707,ORD0007889,28/08/2024,Size Issue,270,Fawry,Refunded
RET00708,ORD0007892,29/12/2022,Wrong Item Delivered,597.5,Vodafone Cash,Refunded
RET00709,ORD0007894,06/03/2024,Duplicate Order,3690,Debit Card,Refunded
RET00710,ORD0007895,26/04/2022,Changed Mind,756,InstaPay,Refunded
RET00711,ORD0007899,03/08/2023,Duplicate Order,300,Credit Card,Pending
RET00712,ORD0007902,01/02/2024,Defective Product,55146,Credit Card,Rejected
RET00713,ORD0007903,02/09/2023,Defective Product,1590,Vodafone Cash,Refunded
RET00714,ORD0007907,07/10/2023,Wrong Item Delivered,20105.5,Fawry,Pending
RET00715,ORD0007920,19/01/2023,Size Issue,796,Credit Card,Refunded
RET00716,ORD0007921,28/04/2023,Wrong Item Delivered,1098,InstaPay,Rejected
RET00717,ORD0007924,01/08/2023,Duplicate Order,330,Debit Card,Refunded
RET00718,ORD0007954,23/09/2022,Size Issue,632.5,Credit Card,Refunded
RET00719,ORD0007980,16/12/2024,Quality Issue,2013.5,Credit Card,Refunded
RET00720,ORD0007986,23/02/2022,Duplicate Order,6644,InstaPay,Refunded
RET00721,ORD0007998,06/03/2024,Size Issue,1767.5,Vodafone Cash,Refunded
RET00722,ORD0008000,15/07/2024,Defective Product,24768,InstaPay,Rejected
RET00723,ORD0008029,19/06/2023,Wrong Item Delivered,1386,Debit Card,Refunded
RET00724,ORD0008043,17/09/2024,Quality Issue,766.5,InstaPay,Refunded
RET00725,ORD0008075,15/07/2023,Duplicate Order,20701.5,Debit Card,Refunded
RET00726,ORD0008099,21/01/2024,Duplicate Order,963,Credit Card,Refunded
RET00727,ORD0008140,19/01/2024,Size Issue,2310,InstaPay,Refunded
RET00728,ORD0008143,22/03/2024,Wrong Item Delivered,12650,Debit Card,Refunded
RET00729,ORD0008162,26/07/2024,Duplicate Order,119,Vodafone Cash,Refunded
RET00730,ORD0008169,15/12/2023,Duplicate Order,792.5,InstaPay,Refunded
RET00731,ORD0008175,19/11/2023,Quality Issue,497.5,InstaPay,Refunded
RET00732,ORD0008183,30/12/2024,Duplicate Order,540,Fawry,Refunded
RET00733,ORD0008201,01/05/2022,Quality Issue,766,Debit Card,Refunded
RET00734,ORD0008206,02/04/2022,Defective Product,2098,InstaPay,Refunded
RET00735,ORD0008212,11/04/2024,Changed Mind,333,Debit Card,Pending
RET00736,ORD0008222,20/12/2024,Wrong Item Delivered,506,InstaPay,Refunded
RET00737,ORD0008230,25/10/2023,Quality Issue,216,Fawry,Refunded
RET00738,ORD0008234,19/06/2023,Quality Issue,2976,InstaPay,Refunded
RET00739,ORD0008242,02/04/2024,Defective Product,280,Credit Card,Refunded
RET00740,ORD0008257,15/04/2023,Size Issue,492,Debit Card,Refunded
RET00741,ORD0008265,22/01/2022,Duplicate Order,476,InstaPay,Refunded
RET00742,ORD0008273,19/11/2022,Quality Issue,2712,Cash,Refunded
RET00743,ORD0008276,01/01/2024,Duplicate Order,960,Fawry,Refunded
RET00744,ORD0008279,24/08/2024,Changed Mind,238,Cash,Refunded
RET00745,ORD0008300,09/05/2023,Duplicate Order,5206,Vodafone Cash,Refunded
RET00746,ORD0008316,17/02/2022,Defective Product,8000,Debit Card,Rejected
RET00747,ORD0008328,26/04/2024,Defective Product,915,Cash,Rejected
RET00748,ORD0008333,22/10/2022,Defective Product,1044,Fawry,Rejected
RET00749,ORD0008340,23/07/2024,Changed Mind,285,Debit Card,Pending
RET00750,ORD0008348,20/01/2024,Defective Product,171,Fawry,Refunded
RET00751,ORD0008394,17/01/2024,Quality Issue,2281,Debit Card,Refunded
RET00752,ORD0008402,14/01/2024,Size Issue,749,Debit Card,Refunded
RET00753,ORD0008422,06/04/2024,Defective Product,1192,Credit Card,Refunded
RET00754,ORD0008424,24/02/2022,Changed Mind,804,Debit Card,Pending
RET00755,ORD0008432,23/09/2024,Duplicate Order,16783,Credit Card,Refunded
RET00756,ORD0008437,29/03/2024,Duplicate Order,11448,Fawry,Refunded
RET00757,ORD0008456,02/03/2023,Changed Mind,144,Cash,Refunded
RET00758,ORD0008459,29/09/2022,Duplicate Order,2120,Credit Card,Refunded
RET00759,ORD0008477,05/02/2022,Size Issue,350,Fawry,Refunded
RET00760,ORD0008481,20/07/2022,Defective Product,502,Debit Card,Refunded
RET00761,ORD0008488,17/11/2024,Changed Mind,430,Credit Card,Refunded
RET00762,ORD0008493,02/11/2023,Size Issue,1728,Credit Card,Refunded
RET00763,ORD0008506,25/07/2023,Defective Product,432,Credit Card,Pending
RET00764,ORD0008513,13/10/2023,Duplicate Order,11463.5,Credit Card,Refunded
RET00765,ORD0008521,30/10/2022,Duplicate Order,142.5,Vodafone Cash,Pending
RET00766,ORD0008525,05/03/2024,Size Issue,29600,Credit Card,Refunded
RET00767,ORD0008534,12/07/2023,Duplicate Order,76.5,Cash,Refunded
RET00768,ORD0008556,14/06/2023,Changed Mind,512,InstaPay,Refunded
RET00769,ORD0008560,27/05/2024,Size Issue,1185,Cash,Refunded
RET00770,ORD0008571,28/06/2024,Defective Product,136,Credit Card,Pending
RET00771,ORD0008575,05/05/2022,Size Issue,1404,Credit Card,Pending
RET00772,ORD0008594,26/05/2022,Quality Issue,700,Debit Card,Refunded
RET00773,ORD0008639,17/01/2022,Changed Mind,2438.5,Fawry,Refunded
RET00774,ORD0008642,15/10/2024,Wrong Item Delivered,432,Cash,Pending
RET00775,ORD0008645,23/07/2023,Wrong Item Delivered,336,Vodafone Cash,Refunded
RET00776,ORD0008658,22/03/2023,Quality Issue,921.5,InstaPay,Refunded
RET00777,ORD0008675,05/03/2024,Wrong Item Delivered,920,Debit Card,Refunded
RET00778,ORD0008681,30/03/2023,Changed Mind,800.5,Cash,Refunded
RET00779,ORD0008691,13/04/2024,Changed Mind,800,Vodafone Cash,Refunded
RET00780,ORD0008695,12/01/2022,Wrong Item Delivered,669,Fawry,Refunded
RET00781,ORD0008700,18/06/2024,Wrong Item Delivered,1333,Fawry,Refunded
RET00782,ORD0008712,25/08/2022,Wrong Item Delivered,666,Vodafone Cash,Refunded
RET00783,ORD0008718,23/02/2023,Defective Product,2260,Cash,Refunded
RET00784,ORD0008767,06/03/2022,Changed Mind,1572,Vodafone Cash,Refunded
RET00785,ORD0008773,13/02/2024,Quality Issue,680,Credit Card,Refunded
RET00786,ORD0008786,21/02/2024,Quality Issue,520,InstaPay,Refunded
RET00787,ORD0008809,26/08/2023,Duplicate Order,1906,Credit Card,Refunded
RET00788,ORD0008819,12/07/2023,Quality Issue,15000,Fawry,Pending
RET00789,ORD0008839,17/03/2024,Defective Product,841.5,Fawry,Refunded
RET00790,ORD0008869,13/05/2023,Changed Mind,32213,Credit Card,Refunded
RET00791,ORD0008881,08/12/2023,Defective Product,1181,Credit Card,Pending
RET00792,ORD0008888,23/10/2024,Changed Mind,30010,InstaPay,Refunded
RET00793,ORD0008890,22/05/2022,Defective Product,1658.5,Vodafone Cash,Refunded
RET00794,ORD0008894,27/04/2022,Wrong Item Delivered,3025,Fawry,Refunded
RET00795,ORD0008895,22/12/2022,Duplicate Order,2175,Credit Card,Rejected
RET00796,ORD0008901,16/11/2024,Wrong Item Delivered,152,InstaPay,Refunded
RET00797,ORD0008923,04/09/2022,Size Issue,1795.5,Fawry,Refunded
RET00798,ORD0008935,12/11/2022,Duplicate Order,48136,Vodafone Cash,Pending
RET00799,ORD0008944,13/05/2024,Duplicate Order,1562,Vodafone Cash,Refunded
RET00800,ORD0008947,15/08/2024,Quality Issue,480,Cash,Pending
RET00801,ORD0008978,14/02/2024,Changed Mind,540,Cash,Pending
RET00802,ORD0008993,07/01/2024,Defective Product,9938,Fawry,Refunded
RET00803,ORD0008999,10/10/2024,Changed Mind,729,Debit Card,Refunded
RET00804,ORD0009006,07/03/2022,Wrong Item Delivered,160,InstaPay,Pending
RET00805,ORD0009022,10/04/2022,Defective Product,2800,Fawry,Pending
RET00806,ORD0009035,01/12/2024,Defective Product,620,Vodafone Cash,Refunded
RET00807,ORD0009048,10/01/2022,Changed Mind,1696,InstaPay,Refunded
RET00808,ORD0009066,09/05/2022,Defective Product,1744,Cash,Pending
RET00809,ORD0009069,03/07/2023,Duplicate Order,350,Cash,Refunded
RET00810,ORD0009072,17/03/2023,Duplicate Order,19700,Debit Card,Refunded
RET00811,ORD0009083,14/03/2022,Duplicate Order,912,Fawry,Refunded
RET00812,ORD0009098,05/03/2023,Duplicate Order,280,InstaPay,Refunded
RET00813,ORD0009109,06/05/2024,Wrong Item Delivered,703,InstaPay,Refunded
RET00814,ORD0009114,25/12/2022,Changed Mind,2500,Credit Card,Pending
RET00815,ORD0009127,07/09/2024,Wrong Item Delivered,10094,Cash,Refunded
RET00816,ORD0009130,19/12/2024,Duplicate Order,2620,Debit Card,Pending
RET00817,ORD0009167,17/04/2022,Duplicate Order,208,Fawry,Pending
RET00818,ORD0009176,07/03/2023,Duplicate Order,1489.5,Cash,Refunded
RET00819,ORD0009219,26/05/2023,Defective Product,844.5,Fawry,Refunded
RET00820,ORD0009223,25/03/2022,Size Issue,3740,Debit Card,Refunded
RET00821,ORD0009230,18/11/2022,Size Issue,890,Vodafone Cash,Rejected
RET00822,ORD0009249,13/07/2024,Quality Issue,600,Debit Card,Refunded
RET00823,ORD0009280,13/11/2024,Defective Product,1660,Fawry,Refunded
RET00824,ORD0009303,24/05/2024,Duplicate Order,150,Vodafone Cash,Pending
RET00825,ORD0009308,13/02/2024,Wrong Item Delivered,541.5,InstaPay,Refunded
RET00826,ORD0009329,13/10/2022,Duplicate Order,580,Vodafone Cash,Refunded
RET00827,ORD0009338,21/10/2023,Defective Product,10964,Fawry,Refunded
RET00828,ORD0009363,09/07/2022,Defective Product,2916,Fawry,Refunded
RET00829,ORD0009375,14/11/2023,Quality Issue,18488.5,Credit Card,Rejected
RET00830,ORD0009390,16/07/2024,Size Issue,2413,InstaPay,Refunded
RET00831,ORD0009400,29/07/2024,Wrong Item Delivered,1449.5,Vodafone Cash,Pending
RET00832,ORD0009401,10/11/2024,Changed Mind,1870,Vodafone Cash,Refunded
RET00833,ORD0009410,11/02/2024,Defective Product,3693,Fawry,Refunded
RET00834,ORD0009412,06/11/2022,Quality Issue,978,Vodafone Cash,Refunded
RET00835,ORD0009421,17/01/2022,Size Issue,190,Cash,Pending
RET00836,ORD0009426,26/11/2024,Changed Mind,1630.5,Debit Card,Refunded
RET00837,ORD0009429,14/12/2022,Defective Product,63240,Debit Card,Refunded
RET00838,ORD0009479,11/06/2024,Wrong Item Delivered,1584,Credit Card,Rejected
RET00839,ORD0009484,21/11/2023,Duplicate Order,420,Cash,Refunded
RET00840,ORD0009511,07/06/2024,Duplicate Order,420,InstaPay,Refunded
RET00841,ORD0009516,01/10/2023,Changed Mind,603,Credit Card,Refunded
RET00842,ORD0009517,03/12/2024,Wrong Item Delivered,17830,Credit Card,Refunded
RET00843,ORD0009532,14/04/2024,Size Issue,1699,InstaPay,Refunded
RET00844,ORD0009535,05/09/2024,Duplicate Order,838,Cash,Pending
RET00845,ORD0009542,16/07/2023,Quality Issue,510,Vodafone Cash,Refunded
RET00846,ORD0009544,21/05/2022,Size Issue,1222.5,Fawry,Rejected
RET00847,ORD0009563,14/05/2022,Changed Mind,12370,InstaPay,Pending
RET00848,ORD0009570,01/09/2024,Changed Mind,5414.5,Cash,Refunded
RET00849,ORD0009575,26/03/2024,Changed Mind,2090,Fawry,Rejected
RET00850,ORD0009591,06/05/2023,Quality Issue,15402.5,Cash,Refunded
RET00851,ORD0009592,02/02/2024,Defective Product,2131,Credit Card,Refunded
RET00852,ORD0009616,22/04/2022,Defective Product,4250,Cash,Refunded
RET00853,ORD0009617,12/02/2023,Duplicate Order,980,Vodafone Cash,Refunded
RET00854,ORD0009621,11/09/2023,Defective Product,8010,Vodafone Cash,Rejected
RET00855,ORD0009627,03/08/2023,Wrong Item Delivered,774,Fawry,Refunded
RET00856,ORD0009640,11/08/2024,Changed Mind,4425,Vodafone Cash,Refunded
RET00857,ORD0009671,17/01/2023,Duplicate Order,25080,InstaPay,Refunded
RET00858,ORD0009681,06/04/2023,Duplicate Order,2127,Credit Card,Refunded
RET00859,ORD0009708,06/05/2023,Size Issue,756,Credit Card,Refunded
RET00860,ORD0009714,13/07/2023,Duplicate Order,613,InstaPay,Refunded
RET00861,ORD0009715,08/05/2022,Duplicate Order,1079,Cash,Refunded
RET00862,ORD0009716,05/06/2024,Wrong Item Delivered,477,Credit Card,Refunded
RET00863,ORD0009719,28/03/2024,Defective Product,504,Fawry,Refunded
RET00864,ORD0009760,02/10/2024,Duplicate Order,28377.5,Cash,Refunded
RET00865,ORD0009769,27/07/2024,Wrong Item Delivered,10640,Cash,Refunded
RET00866,ORD0009777,10/06/2022,Duplicate Order,20400,Cash,Refunded
RET00867,ORD0009788,29/12/2022,Wrong Item Delivered,12100,Debit Card,Refunded
RET00868,ORD0009794,23/08/2024,Wrong Item Delivered,480,Vodafone Cash,Refunded
RET00869,ORD0009832,18/08/2022,Defective Product,405,Vodafone Cash,Refunded
RET00870,ORD0009833,30/07/2022,Changed Mind,3300,Cash,Refunded
RET00871,ORD0009834,03/09/2024,Changed Mind,1687.5,Cash,Pending
RET00872,ORD0009845,29/02/2024,Size Issue,976,InstaPay,Refunded
RET00873,ORD0009885,24/05/2024,Defective Product,620.5,Fawry,Refunded
RET00874,ORD0009888,07/05/2022,Size Issue,1425,Debit Card,Refunded
RET00875,ORD0009894,17/03/2024,Wrong Item Delivered,980,Vodafone Cash,Refunded
RET00876,ORD0009895,14/01/2024,Wrong Item Delivered,270,Debit Card,Refunded
RET00877,ORD0009896,03/06/2022,Size Issue,144,Fawry,Refunded
RET00878,ORD0009905,31/05/2023,Defective Product,468,Credit Card,Refunded
RET00879,ORD0009935,14/04/2022,Changed Mind,646,Fawry,Refunded
RET00880,ORD0009939,27/03/2022,Quality Issue,520,Fawry,Refunded
RET00881,ORD0009957,15/07/2023,Size Issue,1964.5,Fawry,Refunded
RET00882,ORD0009960,13/08/2023,Size Issue,1045,InstaPay,Refunded
RET00883,ORD0009964,10/01/2024,Duplicate Order,2044,Debit Card,Rejected
RET00884,ORD0009971,12/03/2022,Wrong Item Delivered,3806,Credit Card,Pending
RET00885,ORD0009986,14/05/2023,Wrong Item Delivered,3326.5,Credit Card,Rejected
RET00886,ORD0009991,04/04/2022,Quality Issue,4043,Credit Card,Refunded
RET00887,ORD0009992,20/07/2023,Changed Mind,12440,InstaPay,Refunded
RET00888,ORD0009995,11/10/2024,Duplicate Order,456,Vodafone Cash,Pending
RET00889,ORD0010006,06/01/2024,Quality Issue,3476,Fawry,Rejected
RET00890,ORD0010012,20/04/2024,Changed Mind,1607,Debit Card,Refunded
RET00891,ORD0010013,04/03/2022,Quality Issue,190,Vodafone Cash,Refunded
RET00892,ORD0010019,30/06/2022,Duplicate Order,775,Debit Card,Refunded
RET00893,ORD0010035,13/07/2022,Changed Mind,600,Credit Card,Refunded
RET00894,ORD0010036,13/05/2024,Changed Mind,900,Debit Card,Refunded
RET00895,ORD0010049,25/11/2024,Size Issue,1608,Credit Card,Pending
RET00896,ORD0010055,22/04/2023,Duplicate Order,1000,Vodafone Cash,Refunded
RET00897,ORD0010060,18/06/2023,Defective Product,150,Vodafone Cash,Pending
RET00898,ORD0010069,27/05/2023,Quality Issue,28620,InstaPay,Refunded
RET00899,ORD0010079,02/11/2023,Wrong Item Delivered,1400,Vodafone Cash,Refunded
RET00900,ORD0010082,04/03/2022,Wrong Item Delivered,468,Credit Card,Refunded
RET00901,ORD0010084,24/07/2024,Quality Issue,1890,Debit Card,Rejected
RET00902,ORD0010093,14/07/2024,Wrong Item Delivered,9044.5,Credit Card,Refunded
RET00903,ORD0010101,16/04/2023,Size Issue,1081,Cash,Refunded
RET00904,ORD0010112,23/11/2022,Quality Issue,17160,Credit Card,Refunded
RET00905,ORD0010132,16/04/2024,Defective Product,517,Cash,Refunded
RET00906,ORD0010141,21/08/2024,Size Issue,747,Vodafone Cash,Rejected
RET00907,ORD0010158,01/08/2024,Changed Mind,207,Cash,Refunded
RET00908,ORD0010164,26/05/2024,Size Issue,1478,InstaPay,Refunded
RET00909,ORD0010175,21/06/2022,Wrong Item Delivered,135,Fawry,Rejected
RET00910,ORD0010180,18/05/2022,Duplicate Order,345,InstaPay,Refunded
RET00911,ORD0010199,20/07/2022,Quality Issue,2070,Cash,Rejected
RET00912,ORD0010225,05/11/2022,Quality Issue,130,InstaPay,Refunded
RET00913,ORD0010227,26/04/2022,Changed Mind,1080,Cash,Pending
RET00914,ORD0010229,03/02/2022,Changed Mind,4928,Debit Card,Pending
RET00915,ORD0010231,25/07/2023,Wrong Item Delivered,1265,Fawry,Refunded
RET00916,ORD0010241,15/06/2022,Size Issue,21435,Vodafone Cash,Refunded
RET00917,ORD0010243,04/02/2024,Defective Product,126,InstaPay,Refunded
RET00918,ORD0010253,23/07/2022,Defective Product,720,Fawry,Refunded
RET00919,ORD0010254,01/05/2024,Size Issue,10212,Fawry,Refunded
RET00920,ORD0010255,06/08/2024,Changed Mind,153,Debit Card,Refunded
RET00921,ORD0010262,30/08/2023,Wrong Item Delivered,571.5,Fawry,Rejected
RET00922,ORD0010273,13/08/2024,Duplicate Order,7983,Debit Card,Rejected
RET00923,ORD0010280,24/09/2022,Size Issue,873,Fawry,Refunded
RET00924,ORD0010283,02/07/2024,Wrong Item Delivered,720,Credit Card,Refunded
RET00925,ORD0010299,12/02/2024,Quality Issue,220,InstaPay,Rejected
RET00926,ORD0010300,26/08/2024,Size Issue,351.5,Credit Card,Refunded
RET00927,ORD0010311,15/10/2022,Quality Issue,360,Fawry,Refunded
RET00928,ORD0010315,08/09/2024,Wrong Item Delivered,926,Fawry,Refunded
RET00929,ORD0010342,23/11/2023,Changed Mind,224,Fawry,Refunded
RET00930,ORD0010357,01/04/2023,Wrong Item Delivered,190,Vodafone Cash,Refunded
RET00931,ORD0010411,14/12/2023,Wrong Item Delivered,130,Debit Card,Refunded
RET00932,ORD0010422,25/11/2024,Size Issue,540,Fawry,Refunded
RET00933,ORD0010437,19/02/2022,Quality Issue,190,Fawry,Refunded
RET00934,ORD0010492,25/02/2023,Changed Mind,330,InstaPay,Refunded
RET00935,ORD0010500,17/11/2022,Duplicate Order,300,Fawry,Refunded
RET00936,ORD0010508,11/01/2024,Defective Product,1025,Vodafone Cash,Refunded
RET00937,ORD0010511,17/12/2022,Size Issue,13520,Credit Card,Refunded
RET00938,ORD0010533,01/07/2024,Defective Product,11132.5,Credit Card,Refunded
RET00939,ORD0010541,14/04/2024,Changed Mind,1212,Vodafone Cash,Pending
RET00940,ORD0010544,24/03/2024,Quality Issue,2193,Debit Card,Refunded
RET00941,ORD0010572,10/09/2024,Changed Mind,747.5,Debit Card,Refunded
RET00942,ORD0010577,27/02/2024,Defective Product,405,Fawry,Refunded
RET00943,ORD0010597,24/04/2024,Changed Mind,430,Vodafone Cash,Refunded
RET00944,ORD0010598,17/09/2022,Defective Product,597.5,Debit Card,Refunded
RET00945,ORD0010601,11/12/2022,Wrong Item Delivered,280,Vodafone Cash,Refunded
RET00946,ORD0010606,03/11/2024,Wrong Item Delivered,135,Fawry,Refunded
RET00947,ORD0010616,11/06/2024,Defective Product,423,InstaPay,Refunded
RET00948,ORD0010625,13/07/2024,Defective Product,126,Cash,Rejected
RET00949,ORD0010634,19/11/2022,Changed Mind,238,Debit Card,Refunded
RET00950,ORD0010641,08/02/2022,Quality Issue,8214,Cash,Rejected
RET00951,ORD0010644,01/06/2023,Defective Product,6147,Debit Card,Refunded
RET00952,ORD0010659,01/10/2024,Changed Mind,1372,Cash,Refunded
RET00953,ORD0010670,28/03/2022,Changed Mind,756,Debit Card,Refunded
RET00954,ORD0010677,20/05/2024,Quality Issue,5920,Fawry,Refunded
RET00955,ORD0010684,19/01/2024,Wrong Item Delivered,669,Credit Card,Pending
RET00956,ORD0010693,27/01/2024,Quality Issue,368.5,Credit Card,Refunded
RET00957,ORD0010711,25/07/2022,Quality Issue,29116,Vodafone Cash,Refunded
RET00958,ORD0010713,31/07/2023,Quality Issue,468,Cash,Refunded
RET00959,ORD0010760,28/06/2023,Size Issue,1528,Vodafone Cash,Refunded
RET00960,ORD0010785,18/05/2022,Changed Mind,11937.5,Debit Card,Refunded
RET00961,ORD0010803,06/11/2022,Changed Mind,250,Credit Card,Refunded
RET00962,ORD0010804,13/04/2023,Duplicate Order,600,Credit Card,Rejected
RET00963,ORD0010832,28/01/2022,Defective Product,600,Cash,Refunded
RET00964,ORD0010840,22/11/2022,Changed Mind,495,Fawry,Refunded
RET00965,ORD0010849,07/08/2024,Wrong Item Delivered,480,Vodafone Cash,Refunded
RET00966,ORD0010861,29/04/2024,Size Issue,1031,Debit Card,Refunded
RET00967,ORD0010877,09/11/2023,Defective Product,275,Debit Card,Refunded
RET00968,ORD0010880,18/08/2022,Size Issue,666,InstaPay,Refunded
RET00969,ORD0010890,07/09/2024,Quality Issue,976,Vodafone Cash,Refunded
RET00970,ORD0010904,23/08/2023,Defective Product,494,InstaPay,Refunded
RET00971,ORD0010918,01/04/2024,Size Issue,900,Fawry,Refunded
RET00972,ORD0010930,12/04/2022,Quality Issue,1734,Vodafone Cash,Refunded
RET00973,ORD0010935,06/09/2024,Changed Mind,29460,Vodafone Cash,Refunded
RET00974,ORD0010945,25/11/2023,Defective Product,240,Debit Card,Refunded
RET00975,ORD0010970,24/05/2023,Duplicate Order,3200,Fawry,Pending
RET00976,ORD0010993,06/09/2022,Size Issue,560,Debit Card,Refunded
RET00977,ORD0011000,08/02/2023,Defective Product,639,Credit Card,Rejected
RET00978,ORD0011013,07/02/2024,Wrong Item Delivered,40440,Cash,Refunded
RET00979,ORD0011017,15/02/2023,Changed Mind,600,Debit Card,Refunded
RET00980,ORD0011027,08/11/2023,Defective Product,361,Cash,Pending
RET00981,ORD0011056,11/01/2023,Quality Issue,325,InstaPay,Refunded
RET00982,ORD0011063,02/02/2024,Changed Mind,783,Fawry,Refunded
RET00983,ORD0011079,04/06/2023,Defective Product,963.5,Fawry,Pending
RET00984,ORD0011086,26/12/2024,Changed Mind,2547.5,Credit Card,Refunded
RET00985,ORD0011089,05/10/2024,Duplicate Order,11326.5,InstaPay,Refunded
RET00986,ORD0011106,07/11/2022,Changed Mind,18575,Fawry,Refunded
RET00987,ORD0011122,08/06/2022,Size Issue,1092,Fawry,Refunded
RET00988,ORD0011125,05/02/2023,Quality Issue,247.5,Cash,Refunded
RET00989,ORD0011127,01/11/2022,Wrong Item Delivered,674,Credit Card,Refunded
RET00990,ORD0011130,26/09/2024,Wrong Item Delivered,22820,Credit Card,Refunded
RET00991,ORD0011132,29/05/2022,Wrong Item Delivered,1099,Fawry,Refunded
RET00992,ORD0011144,11/06/2024,Changed Mind,2409,Fawry,Pending
RET00993,ORD0011197,04/07/2024,Duplicate Order,11626,Credit Card,Refunded
RET00994,ORD0011199,20/10/2024,Size Issue,608,Debit Card,Refunded
RET00995,ORD0011205,04/04/2023,Quality Issue,168,Credit Card,Refunded
RET00996,ORD0011225,18/06/2024,Defective Product,380,Credit Card,Refunded
RET00997,ORD0011226,05/10/2022,Wrong Item Delivered,25326,InstaPay,Refunded
RET00998,ORD0011231,27/10/2023,Wrong Item Delivered,30000,InstaPay,Refunded
RET00999,ORD0011269,21/07/2024,Duplicate Order,33133.5,Vodafone Cash,Refunded
RET01000,ORD0011298,10/12/2023,Quality Issue,28750,Credit Card,Refunded
RET01001,ORD0011304,28/04/2024,Quality Issue,85,Fawry,Pending
RET01002,ORD0011338,20/07/2022,Quality Issue,7000,Vodafone Cash,Refunded
RET01003,ORD0011406,16/10/2023,Size Issue,210,InstaPay,Refunded
RET01004,ORD0011420,07/09/2024,Duplicate Order,1225.5,Fawry,Refunded
RET01005,ORD0011429,07/09/2022,Wrong Item Delivered,2006.5,Credit Card,Refunded
RET01006,ORD0011457,10/12/2024,Wrong Item Delivered,740.5,Credit Card,Pending
RET01007,ORD0011462,08/02/2023,Changed Mind,298,Credit Card,Rejected
RET01008,ORD0011480,01/11/2023,Wrong Item Delivered,534.5,Fawry,Rejected
RET01009,ORD0011481,07/04/2022,Size Issue,770,Debit Card,Refunded
RET01010,ORD0011494,04/11/2022,Duplicate Order,540,Credit Card,Rejected
RET01011,ORD0011504,05/01/2024,Duplicate Order,1987.5,Credit Card,Refunded
RET01012,ORD0011541,28/09/2024,Size Issue,288,Vodafone Cash,Refunded
RET01013,ORD0011543,22/06/2024,Changed Mind,204,Credit Card,Refunded
RET01014,ORD0011546,06/12/2024,Quality Issue,12771,Fawry,Pending
RET01015,ORD0011573,24/05/2023,Changed Mind,6336,InstaPay,Rejected
RET01016,ORD0011575,28/01/2023,Quality Issue,17700,Vodafone Cash,Refunded
RET01017,ORD0011581,26/03/2024,Quality Issue,2822,Fawry,Refunded
RET01018,ORD0011591,08/09/2022,Defective Product,760,Debit Card,Refunded
RET01019,ORD0011603,21/04/2022,Size Issue,14788,Cash,Refunded
RET01020,ORD0011625,03/05/2023,Duplicate Order,1050,Vodafone Cash,Refunded
RET01021,ORD0011668,07/08/2024,Wrong Item Delivered,1612,Cash,Refunded
RET01022,ORD0011678,17/06/2022,Size Issue,2613,Credit Card,Refunded
RET01023,ORD0011682,29/10/2022,Duplicate Order,127.5,InstaPay,Refunded
RET01024,ORD0011685,25/12/2024,Quality Issue,900,Cash,Refunded
RET01025,ORD0011687,29/12/2022,Defective Product,970.5,InstaPay,Refunded
RET01026,ORD0011696,22/08/2022,Size Issue,3930,Vodafone Cash,Rejected
RET01027,ORD0011703,08/12/2022,Changed Mind,318.5,Vodafone Cash,Refunded
RET01028,ORD0011733,18/09/2023,Wrong Item Delivered,774,Credit Card,Refunded
RET01029,ORD0011739,18/02/2022,Size Issue,800,Credit Card,Refunded
RET01030,ORD0011743,16/08/2024,Defective Product,1322.5,Debit Card,Refunded
RET01031,ORD0011744,17/03/2023,Changed Mind,5250,Credit Card,Rejected
RET01032,ORD0011760,29/07/2023,Defective Product,480,Credit Card,Refunded
RET01033,ORD0011776,02/04/2022,Size Issue,2212.5,Cash,Refunded
RET01034,ORD0011784,11/08/2022,Changed Mind,8455,Credit Card,Refunded
RET01035,ORD0011793,06/09/2023,Changed Mind,2953,Debit Card,Refunded
RET01036,ORD0011811,06/03/2023,Wrong Item Delivered,1267,Cash,Refunded
RET01037,ORD0011815,10/04/2024,Changed Mind,1135,Cash,Refunded
RET01038,ORD0011829,27/04/2022,Size Issue,460,Fawry,Refunded
RET01039,ORD0011830,24/01/2024,Quality Issue,1962,InstaPay,Refunded
RET01040,ORD0011834,28/09/2024,Duplicate Order,3582.5,Fawry,Pending
RET01041,ORD0011837,26/05/2023,Size Issue,720,Cash,Refunded
RET01042,ORD0011845,18/02/2022,Wrong Item Delivered,741,Vodafone Cash,Refunded
RET01043,ORD0011848,31/12/2023,Size Issue,1551,Debit Card,Refunded
RET01044,ORD0011850,15/09/2022,Defective Product,2462.5,Vodafone Cash,Refunded
RET01045,ORD0011853,25/10/2024,Quality Issue,1530.5,Credit Card,Refunded
RET01046,ORD0011860,29/04/2022,Size Issue,793,Vodafone Cash,Refunded
RET01047,ORD0011874,20/06/2022,Defective Product,160,Cash,Refunded
RET01048,ORD0011879,19/04/2022,Size Issue,703,Vodafone Cash,Refunded
RET01049,ORD0011881,15/11/2022,Duplicate Order,199.5,Vodafone Cash,Refunded
RET01050,ORD0011887,01/05/2023,Changed Mind,319.5,Debit Card,Refunded
RET01051,ORD0011890,01/04/2022,Duplicate Order,1573,Cash,Refunded
RET01052,ORD0011907,30/08/2022,Duplicate Order,761,InstaPay,Pending
RET01053,ORD0011946,02/01/2024,Quality Issue,1089,Fawry,Refunded
RET01054,ORD0011969,04/10/2023,Defective Product,234,Vodafone Cash,Refunded
RET01055,ORD0011985,26/10/2024,Size Issue,180,Vodafone Cash,Refunded
RET01056,ORD0011994,15/07/2024,Quality Issue,17246,Credit Card,Refunded
